fixIdx,time,lat,lng,alt,tickLead,tickRace,zoneIdx,legIdx,togo,area
1,2016-04-03T19:22:06Z,28.53163333,-81.84636667,2.00,,,,,,
2,2016-04-03T19:22:08Z,28.53163333,-81.84636667,2.00,,,,,,
3,2016-04-03T19:22:10Z,28.53163333,-81.84636667,2.00,,,,,,
4,2016-04-03T19:22:12Z,28.53163333,-81.84636667,2.00,,,,,,
5,2016-04-03T19:22:14Z,28.53163333,-81.84636667,2.00,,,,,,
6,2016-04-03T19:22:16Z,28.53163333,-81.84636667,2.00,,,,,,
7,2016-04-03T19:22:18Z,28.53163333,-81.84636667,2.00,,,,,,
8,2016-04-03T19:22:20Z,28.53163333,-81.84636667,2.00,,,,,,
9,2016-04-03T19:22:22Z,28.53163333,-81.84636667,0.00,,,,,,
10,2016-04-03T19:22:24Z,28.53163333,-81.84636667,0.00,,,,,,
11,2016-04-03T19:22:26Z,28.53163333,-81.84636667,0.00,,,,,,
12,2016-04-03T19:22:28Z,28.53163333,-81.84636667,0.00,,,,,,
13,2016-04-03T19:22:30Z,28.53163333,-81.84636667,0.00,,,,,,
14,2016-04-03T19:22:32Z,28.53163333,-81.84636667,0.00,,,,,,
15,2016-04-03T19:22:34Z,28.53163333,-81.84636667,0.00,,,,,,
16,2016-04-03T19:22:36Z,28.53163333,-81.84636667,0.00,,,,,,
17,2016-04-03T19:22:38Z,28.53163333,-81.84636667,0.00,,,,,,
18,2016-04-03T19:22:40Z,28.53163333,-81.84636667,0.00,,,,,,
19,2016-04-03T19:22:42Z,28.53163333,-81.84636667,0.00,,,,,,
20,2016-04-03T19:22:44Z,28.53163333,-81.84636667,0.00,,,,,,
21,2016-04-03T19:22:46Z,28.53163333,-81.84636667,0.00,,,,,,
22,2016-04-03T19:22:48Z,28.53163333,-81.84636667,0.00,,,,,,
23,2016-04-03T19:22:50Z,28.53163333,-81.84636667,0.00,,,,,,
24,2016-04-03T19:22:52Z,28.53163333,-81.84636667,0.00,,,,,,
25,2016-04-03T19:22:54Z,28.53163333,-81.84636667,0.00,,,,,,
26,2016-04-03T19:22:56Z,28.53191667,-81.84650000,-1.00,,,,,,
27,2016-04-03T19:22:58Z,28.53205000,-81.84650000,-2.00,,,,,,
28,2016-04-03T19:23:00Z,28.53230000,-81.84650000,1.00,,,,,,
29,2016-04-03T19:23:02Z,28.53260000,-81.84655000,6.00,,,,,,
30,2016-04-03T19:23:04Z,28.53293333,-81.84658333,18.00,,,,,,
31,2016-04-03T19:23:06Z,28.53323333,-81.84660000,30.00,,,,,,
32,2016-04-03T19:23:08Z,28.53355000,-81.84663333,44.00,,,,,,
33,2016-04-03T19:23:10Z,28.53385000,-81.84666667,55.00,,,,,,
34,2016-04-03T19:23:12Z,28.53418333,-81.84673333,66.00,,,,,,
35,2016-04-03T19:23:14Z,28.53448333,-81.84681667,75.00,,,,,,
36,2016-04-03T19:23:16Z,28.53480000,-81.84690000,86.00,,,,,,
37,2016-04-03T19:23:18Z,28.53511667,-81.84698333,98.00,,,,,,
38,2016-04-03T19:23:20Z,28.53543333,-81.84705000,112.00,,,,,,
39,2016-04-03T19:23:22Z,28.53576667,-81.84710000,119.00,,,,,,
40,2016-04-03T19:23:24Z,28.53608333,-81.84713333,131.00,,,,,,
41,2016-04-03T19:23:26Z,28.53641667,-81.84718333,146.00,,,,,,
42,2016-04-03T19:23:28Z,28.53671667,-81.84723333,165.00,,,,,,
43,2016-04-03T19:23:30Z,28.53701667,-81.84726667,181.00,,,,,,
44,2016-04-03T19:23:32Z,28.53731667,-81.84726667,193.00,,,,,,
45,2016-04-03T19:23:34Z,28.53761667,-81.84723333,206.00,,,,,,
46,2016-04-03T19:23:36Z,28.53790000,-81.84716667,215.00,,,,,,
47,2016-04-03T19:23:38Z,28.53816667,-81.84710000,227.00,,,,,,
48,2016-04-03T19:23:40Z,28.53843333,-81.84705000,238.00,,,,,,
49,2016-04-03T19:23:42Z,28.53871667,-81.84701667,248.00,,,,,,
50,2016-04-03T19:23:44Z,28.53900000,-81.84703333,261.00,,,,,,
51,2016-04-03T19:23:46Z,28.53928333,-81.84703333,276.00,,,,,,
52,2016-04-03T19:23:48Z,28.53955000,-81.84706667,289.00,,,,,,
53,2016-04-03T19:23:50Z,28.53980000,-81.84706667,306.00,,,,,,
54,2016-04-03T19:23:52Z,28.54006667,-81.84703333,315.00,,,,,,
55,2016-04-03T19:23:54Z,28.54033333,-81.84695000,327.00,,,,,,
56,2016-04-03T19:23:56Z,28.54060000,-81.84683333,338.00,,,,,,
57,2016-04-03T19:23:58Z,28.54083333,-81.84666667,345.00,,,,,,
58,2016-04-03T19:24:00Z,28.54105000,-81.84646667,355.00,,,,,,
59,2016-04-03T19:24:02Z,28.54121667,-81.84621667,367.00,,,,,,
60,2016-04-03T19:24:04Z,28.54138333,-81.84598333,378.00,,,,,,
61,2016-04-03T19:24:06Z,28.54146667,-81.84570000,386.00,,,,,,
62,2016-04-03T19:24:08Z,28.54156667,-81.84540000,394.00,,,,,,
63,2016-04-03T19:24:10Z,28.54165000,-81.84510000,402.00,,,,,,
64,2016-04-03T19:24:12Z,28.54173333,-81.84480000,403.00,,,,,,
65,2016-04-03T19:24:14Z,28.54185000,-81.84450000,416.00,,,,,,
66,2016-04-03T19:24:16Z,28.54193333,-81.84420000,418.00,,,,,,
67,2016-04-03T19:24:18Z,28.54205000,-81.84391667,425.00,,,,,,
68,2016-04-03T19:24:20Z,28.54216667,-81.84363333,437.00,,,,,,
69,2016-04-03T19:24:22Z,28.54226667,-81.84335000,442.00,,,,,,
70,2016-04-03T19:24:24Z,28.54236667,-81.84305000,447.00,,,,,,
71,2016-04-03T19:24:26Z,28.54246667,-81.84275000,453.00,,,,,,
72,2016-04-03T19:24:28Z,28.54256667,-81.84245000,463.00,,,,,,
73,2016-04-03T19:24:30Z,28.54268333,-81.84216667,471.00,,,,,,
74,2016-04-03T19:24:32Z,28.54283333,-81.84191667,481.00,,,,,,
75,2016-04-03T19:24:34Z,28.54301667,-81.84170000,494.00,,,,,,
76,2016-04-03T19:24:36Z,28.54321667,-81.84150000,501.00,,,,,,
77,2016-04-03T19:24:38Z,28.54343333,-81.84135000,511.00,,,,,,
78,2016-04-03T19:24:40Z,28.54366667,-81.84121667,519.00,,,,,,
79,2016-04-03T19:24:42Z,28.54393333,-81.84113333,528.00,,,,,,
80,2016-04-03T19:24:44Z,28.54420000,-81.84108333,537.00,,,,,,
81,2016-04-03T19:24:46Z,28.54446667,-81.84108333,545.00,,,,,,
82,2016-04-03T19:24:48Z,28.54475000,-81.84111667,553.00,,,,,,
83,2016-04-03T19:24:50Z,28.54501667,-81.84120000,562.00,,,,,,
84,2016-04-03T19:24:52Z,28.54526667,-81.84135000,568.00,,,,,,
85,2016-04-03T19:24:54Z,28.54550000,-81.84155000,573.00,,,,,,
86,2016-04-03T19:24:56Z,28.54570000,-81.84180000,581.00,,,,,,
87,2016-04-03T19:24:58Z,28.54586667,-81.84210000,586.00,,,,,,
88,2016-04-03T19:25:00Z,28.54598333,-81.84243333,592.00,,,,,,
89,2016-04-03T19:25:02Z,28.54603333,-81.84280000,599.00,,,,,,
90,2016-04-03T19:25:04Z,28.54601667,-81.84318333,607.00,,,,,,
91,2016-04-03T19:25:06Z,28.54593333,-81.84358333,613.00,,,,,,
92,2016-04-03T19:25:08Z,28.54576667,-81.84396667,621.00,,,,,,
93,2016-04-03T19:25:10Z,28.54556667,-81.84433333,631.00,,,,,,
94,2016-04-03T19:25:12Z,28.54533333,-81.84466667,641.00,,,,,,
95,2016-04-03T19:25:14Z,28.54506667,-81.84496667,647.00,,,,,,
96,2016-04-03T19:25:16Z,28.54478333,-81.84526667,657.00,,,,,,
97,2016-04-03T19:25:18Z,28.54450000,-81.84556667,667.00,,,,,,
98,2016-04-03T19:25:20Z,28.54425000,-81.84581667,669.00,,,,,,
99,2016-04-03T19:25:22Z,28.54408333,-81.84606667,663.00,,,,,,
100,2016-04-03T19:25:24Z,28.54393333,-81.84636667,662.00,,,,,,
101,2016-04-03T19:25:26Z,28.54376667,-81.84663333,661.00,,,,,,
102,2016-04-03T19:25:28Z,28.54355000,-81.84686667,660.00,,,,,,
103,2016-04-03T19:25:30Z,28.54330000,-81.84696667,655.00,,,,,,
104,2016-04-03T19:25:32Z,28.54301667,-81.84696667,649.00,,,,,,
105,2016-04-03T19:25:34Z,28.54275000,-81.84683333,649.00,,,,,,
106,2016-04-03T19:25:36Z,28.54260000,-81.84661667,647.00,,,,,,
107,2016-04-03T19:25:38Z,28.54253333,-81.84640000,643.00,,,,,,
108,2016-04-03T19:25:40Z,28.54253333,-81.84615000,641.00,,,,,,
109,2016-04-03T19:25:42Z,28.54258333,-81.84593333,640.00,,,,,,
110,2016-04-03T19:25:44Z,28.54265000,-81.84575000,638.00,,,,,,
111,2016-04-03T19:25:46Z,28.54273333,-81.84560000,635.00,,,,,,
112,2016-04-03T19:25:48Z,28.54285000,-81.84546667,631.00,,,,,,
113,2016-04-03T19:25:50Z,28.54300000,-81.84536667,630.00,,,,,,
114,2016-04-03T19:25:52Z,28.54316667,-81.84530000,629.00,,,,,,
115,2016-04-03T19:25:54Z,28.54335000,-81.84530000,624.00,,,,,,
116,2016-04-03T19:25:56Z,28.54355000,-81.84538333,621.00,,,,,,
117,2016-04-03T19:25:58Z,28.54371667,-81.84553333,621.00,,,,,,
118,2016-04-03T19:26:00Z,28.54380000,-81.84575000,618.00,,,,,,
119,2016-04-03T19:26:02Z,28.54378333,-81.84601667,612.00,,,,,,
120,2016-04-03T19:26:04Z,28.54365000,-81.84630000,608.00,,,,,,
121,2016-04-03T19:26:06Z,28.54348333,-81.84656667,605.00,,,,,,
122,2016-04-03T19:26:08Z,28.54328333,-81.84681667,600.00,,,,,,
123,2016-04-03T19:26:10Z,28.54308333,-81.84706667,595.00,,,,,,
124,2016-04-03T19:26:12Z,28.54285000,-81.84730000,594.00,,,,,,
125,2016-04-03T19:26:14Z,28.54261667,-81.84750000,591.00,,,,,,
126,2016-04-03T19:26:16Z,28.54236667,-81.84766667,588.00,,,,,,
127,2016-04-03T19:26:18Z,28.54210000,-81.84781667,584.00,,,,,,
128,2016-04-03T19:26:20Z,28.54183333,-81.84793333,578.00,,,,,,
129,2016-04-03T19:26:22Z,28.54155000,-81.84805000,575.00,,,,,,
130,2016-04-03T19:26:24Z,28.54126667,-81.84815000,570.00,,,,,,
131,2016-04-03T19:26:26Z,28.54096667,-81.84823333,566.00,,,,,,
132,2016-04-03T19:26:28Z,28.54065000,-81.84833333,566.00,,,,,,
133,2016-04-03T19:26:30Z,28.54038333,-81.84841667,565.00,,,,,,
134,2016-04-03T19:26:32Z,28.54011667,-81.84850000,561.00,,,,,,
135,2016-04-03T19:26:34Z,28.53986667,-81.84856667,557.00,,,,,,
136,2016-04-03T19:26:36Z,28.53960000,-81.84866667,553.00,,,,,,
137,2016-04-03T19:26:38Z,28.53933333,-81.84876667,549.00,,,,,,
138,2016-04-03T19:26:40Z,28.53903333,-81.84880000,547.00,,,,,,
139,2016-04-03T19:26:42Z,28.53875000,-81.84883333,542.00,,,,,,
140,2016-04-03T19:26:44Z,28.53850000,-81.84881667,539.00,,,,,,
141,2016-04-03T19:26:46Z,28.53826667,-81.84878333,533.00,,,,,,
142,2016-04-03T19:26:49Z,28.53803333,-81.84870000,526.00,,,,,,
143,2016-04-03T19:26:51Z,28.53776667,-81.84858333,523.00,,,,,,
144,2016-04-03T19:26:53Z,28.53751667,-81.84850000,522.00,,,,,,
145,2016-04-03T19:26:55Z,28.53725000,-81.84848333,519.00,,,,,,
146,2016-04-03T19:26:57Z,28.53698333,-81.84851667,514.00,,,,,,
147,2016-04-03T19:26:59Z,28.53671667,-81.84858333,510.00,,,,,,
148,2016-04-03T19:27:01Z,28.53643333,-81.84865000,505.00,,,,,,
149,2016-04-03T19:27:03Z,28.53616667,-81.84866667,502.00,,,,,,
150,2016-04-03T19:27:05Z,28.53588333,-81.84863333,502.00,,,,,,
151,2016-04-03T19:27:07Z,28.53561667,-81.84860000,501.00,,,,,,
152,2016-04-03T19:27:09Z,28.53535000,-81.84853333,501.00,,,,,,
153,2016-04-03T19:27:11Z,28.53510000,-81.84845000,499.00,,,,,,
154,2016-04-03T19:27:13Z,28.53485000,-81.84833333,498.00,,,,,,
155,2016-04-03T19:27:15Z,28.53461667,-81.84820000,498.00,,,,,,
156,2016-04-03T19:27:17Z,28.53436667,-81.84806667,500.00,,,,,,
157,2016-04-03T19:27:19Z,28.53410000,-81.84796667,503.00,,,,,,
158,2016-04-03T19:27:21Z,28.53383333,-81.84786667,504.00,,,,,,
159,2016-04-03T19:27:23Z,28.53358333,-81.84775000,507.00,,,,,,
160,2016-04-03T19:27:25Z,28.53335000,-81.84755000,510.00,,,,,,
161,2016-04-03T19:27:27Z,28.53325000,-81.84731667,508.00,,,,,,
162,2016-04-03T19:27:29Z,28.53328333,-81.84710000,508.00,,,,,,
163,2016-04-03T19:27:31Z,28.53343333,-81.84700000,504.00,,,,,,
164,2016-04-03T19:27:33Z,28.53361667,-81.84706667,502.00,,,,,,
165,2016-04-03T19:27:35Z,28.53371667,-81.84726667,500.00,,,,,,
166,2016-04-03T19:27:37Z,28.53366667,-81.84755000,497.00,,,,,,
167,2016-04-03T19:27:39Z,28.53346667,-81.84781667,498.00,,,,,,
168,2016-04-03T19:27:41Z,28.53318333,-81.84795000,501.00,,,,,,
169,2016-04-03T19:27:43Z,28.53288333,-81.84793333,504.00,,,,,,
170,2016-04-03T19:27:45Z,28.53265000,-81.84780000,503.00,,,,,,
171,2016-04-03T19:27:47Z,28.53256667,-81.84756667,504.00,,,,,,
172,2016-04-03T19:27:49Z,28.53266667,-81.84740000,500.00,,,,,,
173,2016-04-03T19:27:51Z,28.53285000,-81.84741667,498.00,,,,,,
174,2016-04-03T19:27:53Z,28.53298333,-81.84763333,498.00,,,,,,
175,2016-04-03T19:27:55Z,28.53298333,-81.84793333,500.00,,,,,,
176,2016-04-03T19:27:57Z,28.53283333,-81.84818333,500.00,,,,,,
177,2016-04-03T19:27:59Z,28.53260000,-81.84836667,502.00,,,,,,
178,2016-04-03T19:28:01Z,28.53230000,-81.84846667,508.00,,,,,,
179,2016-04-03T19:28:03Z,28.53201667,-81.84845000,509.00,,,,,,
180,2016-04-03T19:28:05Z,28.53181667,-81.84830000,508.00,,,,,,
181,2016-04-03T19:28:07Z,28.53171667,-81.84805000,508.00,,,,,,
182,2016-04-03T19:28:09Z,28.53178333,-81.84786667,509.00,,,,,,
183,2016-04-03T19:28:11Z,28.53195000,-81.84783333,506.00,,,,,,
184,2016-04-03T19:28:13Z,28.53208333,-81.84801667,508.00,,,,,,
185,2016-04-03T19:28:15Z,28.53210000,-81.84830000,505.00,,,,,,
186,2016-04-03T19:28:17Z,28.53196667,-81.84858333,507.00,,,,,,
187,2016-04-03T19:28:19Z,28.53171667,-81.84875000,509.00,,,,,,
188,2016-04-03T19:28:21Z,28.53143333,-81.84876667,509.00,,,,,,
189,2016-04-03T19:28:23Z,28.53120000,-81.84863333,508.00,,,,,,
190,2016-04-03T19:28:25Z,28.53108333,-81.84840000,507.00,,,,,,
191,2016-04-03T19:28:27Z,28.53111667,-81.84818333,508.00,,,,,,
192,2016-04-03T19:28:29Z,28.53125000,-81.84806667,505.00,,,,,,
193,2016-04-03T19:28:31Z,28.53141667,-81.84808333,507.00,,,,,,
194,2016-04-03T19:28:33Z,28.53158333,-81.84825000,505.00,,,,,,
195,2016-04-03T19:28:35Z,28.53165000,-81.84853333,507.00,,,,,,
196,2016-04-03T19:28:37Z,28.53158333,-81.84883333,509.00,,,,,,
197,2016-04-03T19:28:39Z,28.53141667,-81.84908333,510.00,,,,,,
198,2016-04-03T19:28:41Z,28.53120000,-81.84926667,510.00,,,,,,
199,2016-04-03T19:28:43Z,28.53091667,-81.84938333,511.00,,,,,,
200,2016-04-03T19:28:45Z,28.53061667,-81.84938333,517.00,,,,,,
201,2016-04-03T19:28:47Z,28.53036667,-81.84930000,514.00,,,,,,
202,2016-04-03T19:28:49Z,28.53018333,-81.84910000,519.00,,,,,,
203,2016-04-03T19:28:51Z,28.53011667,-81.84885000,516.00,,,,,,
204,2016-04-03T19:28:53Z,28.53016667,-81.84861667,517.00,,,,,,
205,2016-04-03T19:28:55Z,28.53030000,-81.84848333,515.00,,,,,,
206,2016-04-03T19:28:57Z,28.53060000,-81.84855000,515.00,,,,,,
207,2016-04-03T19:28:59Z,28.53071667,-81.84878333,512.00,,,,,,
208,2016-04-03T19:29:01Z,28.53071667,-81.84908333,514.00,,,,,,
209,2016-04-03T19:29:03Z,28.53056667,-81.84935000,514.00,,,,,,
210,2016-04-03T19:29:05Z,28.53033333,-81.84953333,516.00,,,,,,
211,2016-04-03T19:29:07Z,28.53006667,-81.84960000,518.00,,,,,,
212,2016-04-03T19:29:09Z,28.52978333,-81.84956667,520.00,,,,,,
213,2016-04-03T19:29:11Z,28.52953333,-81.84946667,524.00,,,,,,
214,2016-04-03T19:29:13Z,28.52931667,-81.84928333,528.00,,,,,,
215,2016-04-03T19:29:15Z,28.52921667,-81.84906667,531.00,,,,,,
216,2016-04-03T19:29:17Z,28.52925000,-81.84886667,530.00,,,,,,
217,2016-04-03T19:29:19Z,28.52938333,-81.84876667,529.00,,,,,,
218,2016-04-03T19:29:21Z,28.52958333,-81.84883333,525.00,,,,,,
219,2016-04-03T19:29:23Z,28.52970000,-81.84910000,526.00,,,,,,
220,2016-04-03T19:29:25Z,28.52963333,-81.84941667,527.00,,,,,,
221,2016-04-03T19:29:27Z,28.52941667,-81.84965000,530.00,,,,,,
222,2016-04-03T19:29:29Z,28.52913333,-81.84973333,535.00,,,,,,
223,2016-04-03T19:29:31Z,28.52886667,-81.84965000,535.00,,,,,,
224,2016-04-03T19:29:33Z,28.52866667,-81.84943333,538.00,,,,,,
225,2016-04-03T19:29:35Z,28.52860000,-81.84916667,542.00,,,,,,
226,2016-04-03T19:29:37Z,28.52863333,-81.84898333,541.00,,,,,,
227,2016-04-03T19:29:39Z,28.52878333,-81.84888333,540.00,,,,,,
228,2016-04-03T19:29:41Z,28.52898333,-81.84895000,537.00,,,,,,
229,2016-04-03T19:29:43Z,28.52910000,-81.84918333,536.00,,,,,,
230,2016-04-03T19:29:45Z,28.52908333,-81.84950000,538.00,,,,,,
231,2016-04-03T19:29:47Z,28.52893333,-81.84976667,538.00,,,,,,
232,2016-04-03T19:29:49Z,28.52868333,-81.84993333,542.00,,,,,,
233,2016-04-03T19:29:51Z,28.52840000,-81.84993333,543.00,,,,,,
234,2016-04-03T19:29:53Z,28.52815000,-81.84980000,546.00,,,,,,
235,2016-04-03T19:29:55Z,28.52801667,-81.84956667,548.00,,,,,,
236,2016-04-03T19:29:57Z,28.52801667,-81.84935000,549.00,,,,,,
237,2016-04-03T19:29:59Z,28.52816667,-81.84923333,545.00,,,,,,
238,2016-04-03T19:30:01Z,28.52835000,-81.84926667,545.00,,,,,,
239,2016-04-03T19:30:03Z,28.52851667,-81.84943333,543.00,,,,,,
240,2016-04-03T19:30:05Z,28.52861667,-81.84968333,545.00,,,,,,
241,2016-04-03T19:30:07Z,28.52861667,-81.84995000,542.00,,,,,,
242,2016-04-03T19:30:09Z,28.52853333,-81.85026667,543.00,,,,,,
243,2016-04-03T19:30:11Z,28.52833333,-81.85051667,547.00,,,,,,
244,2016-04-03T19:30:13Z,28.52808333,-81.85068333,555.00,,,,,,
245,2016-04-03T19:30:15Z,28.52780000,-81.85070000,556.00,,,,,,
246,2016-04-03T19:30:17Z,28.52758333,-81.85055000,559.00,,,,,,
247,2016-04-03T19:30:19Z,28.52750000,-81.85031667,562.00,,,,,,
248,2016-04-03T19:30:21Z,28.52755000,-81.85013333,564.00,,,,,,
249,2016-04-03T19:30:23Z,28.52770000,-81.85008333,566.00,,,,,,
250,2016-04-03T19:30:25Z,28.52785000,-81.85020000,567.00,,,,,,
251,2016-04-03T19:30:27Z,28.52790000,-81.85043333,570.00,,,,,,
252,2016-04-03T19:30:29Z,28.52788333,-81.85071667,576.00,,,,,,
253,2016-04-03T19:30:31Z,28.52778333,-81.85096667,580.00,,,,,,
254,2016-04-03T19:30:33Z,28.52758333,-81.85116667,582.00,,,,,,
255,2016-04-03T19:30:35Z,28.52731667,-81.85126667,584.00,,,,,,
256,2016-04-03T19:30:37Z,28.52706667,-81.85121667,584.00,,,,,,
257,2016-04-03T19:30:39Z,28.52693333,-81.85100000,587.00,,,,,,
258,2016-04-03T19:30:41Z,28.52701667,-81.85078333,590.00,,,,,,
259,2016-04-03T19:30:43Z,28.52716667,-81.85068333,596.00,,,,,,
260,2016-04-03T19:30:45Z,28.52733333,-81.85070000,602.00,,,,,,
261,2016-04-03T19:30:47Z,28.52746667,-81.85086667,604.00,,,,,,
262,2016-04-03T19:30:49Z,28.52748333,-81.85113333,609.00,,,,,,
263,2016-04-03T19:30:51Z,28.52740000,-81.85143333,612.00,,,,,,
264,2016-04-03T19:30:53Z,28.52721667,-81.85165000,614.00,,,,,,
265,2016-04-03T19:30:55Z,28.52695000,-81.85173333,613.00,,,,,,
266,2016-04-03T19:30:57Z,28.52668333,-81.85166667,618.00,,,,,,
267,2016-04-03T19:30:59Z,28.52650000,-81.85148333,623.00,,,,,,
268,2016-04-03T19:31:01Z,28.52645000,-81.85128333,624.00,,,,,,
269,2016-04-03T19:31:03Z,28.52650000,-81.85110000,629.00,,,,,,
270,2016-04-03T19:31:05Z,28.52661667,-81.85100000,635.00,,,,,,
271,2016-04-03T19:31:07Z,28.52675000,-81.85103333,634.00,,,,,,
272,2016-04-03T19:31:09Z,28.52686667,-81.85121667,635.00,,,,,,
273,2016-04-03T19:31:11Z,28.52688333,-81.85148333,640.00,,,,,,
274,2016-04-03T19:31:13Z,28.52676667,-81.85173333,641.00,,,,,,
275,2016-04-03T19:31:15Z,28.52656667,-81.85195000,641.00,,,,,,
276,2016-04-03T19:31:17Z,28.52631667,-81.85208333,644.00,,,,,,
277,2016-04-03T19:31:19Z,28.52605000,-81.85216667,647.00,,,,,,
278,2016-04-03T19:31:21Z,28.52580000,-81.85215000,647.00,,,,,,
279,2016-04-03T19:31:23Z,28.52560000,-81.85201667,648.00,,,,,,
280,2016-04-03T19:31:25Z,28.52550000,-81.85180000,650.00,,,,,,
281,2016-04-03T19:31:27Z,28.52550000,-81.85158333,650.00,,,,,,
282,2016-04-03T19:31:29Z,28.52558333,-81.85138333,652.00,,,,,,
283,2016-04-03T19:31:31Z,28.52571667,-81.85125000,655.00,,,,,,
284,2016-04-03T19:31:33Z,28.52586667,-81.85120000,658.00,,,,,,
285,2016-04-03T19:31:35Z,28.52603333,-81.85123333,661.00,,,,,,
286,2016-04-03T19:31:37Z,28.52616667,-81.85143333,664.00,,,,,,
287,2016-04-03T19:31:39Z,28.52618333,-81.85170000,671.00,,,,,,
288,2016-04-03T19:31:41Z,28.52608333,-81.85196667,669.00,,,,,,
289,2016-04-03T19:31:43Z,28.52586667,-81.85218333,673.00,,,,,,
290,2016-04-03T19:31:45Z,28.52561667,-81.85230000,677.00,,,,,,
291,2016-04-03T19:31:47Z,28.52538333,-81.85226667,678.00,,,,,,
292,2016-04-03T19:31:49Z,28.52520000,-81.85211667,679.00,,,,,,
293,2016-04-03T19:31:51Z,28.52513333,-81.85190000,677.00,,,,,,
294,2016-04-03T19:31:53Z,28.52521667,-81.85170000,679.00,,,,,,
295,2016-04-03T19:31:55Z,28.52536667,-81.85160000,682.00,,,,,,
296,2016-04-03T19:31:57Z,28.52555000,-81.85165000,684.00,,,,,,
297,2016-04-03T19:31:59Z,28.52568333,-81.85185000,687.00,,,,,,
298,2016-04-03T19:32:01Z,28.52570000,-81.85213333,693.00,,,,,,
299,2016-04-03T19:32:03Z,28.52558333,-81.85238333,694.00,,,,,,
300,2016-04-03T19:32:05Z,28.52538333,-81.85260000,695.00,,,,,,
301,2016-04-03T19:32:07Z,28.52511667,-81.85273333,699.00,,,,,,
302,2016-04-03T19:32:09Z,28.52486667,-81.85268333,699.00,,,,,,
303,2016-04-03T19:32:11Z,28.52470000,-81.85250000,702.00,,,,,,
304,2016-04-03T19:32:13Z,28.52465000,-81.85226667,706.00,,,,,,
305,2016-04-03T19:32:15Z,28.52475000,-81.85210000,705.00,,,,,,
306,2016-04-03T19:32:17Z,28.52495000,-81.85205000,708.00,,,,,,
307,2016-04-03T19:32:19Z,28.52513333,-81.85216667,709.00,,,,,,
308,2016-04-03T19:32:21Z,28.52526667,-81.85241667,713.00,,,,,,
309,2016-04-03T19:32:23Z,28.52523333,-81.85273333,715.00,,,,,,
310,2016-04-03T19:32:25Z,28.52501667,-81.85293333,713.00,,,,,,
311,2016-04-03T19:32:27Z,28.52478333,-81.85290000,714.00,,,,,,
312,2016-04-03T19:32:29Z,28.52468333,-81.85270000,714.00,,,,,,
313,2016-04-03T19:32:31Z,28.52480000,-81.85251667,715.00,,,,,,
314,2016-04-03T19:32:33Z,28.52503333,-81.85251667,717.00,,,,,,
315,2016-04-03T19:32:35Z,28.52520000,-81.85270000,722.00,,,,,,
316,2016-04-03T19:32:37Z,28.52521667,-81.85298333,722.00,,,,,,
317,2016-04-03T19:32:39Z,28.52508333,-81.85325000,722.00,,,,,,
318,2016-04-03T19:32:41Z,28.52483333,-81.85340000,723.00,,,,,,
319,2016-04-03T19:32:43Z,28.52458333,-81.85338333,726.00,,,,,,
320,2016-04-03T19:32:45Z,28.52436667,-81.85326667,730.00,,,,,,
321,2016-04-03T19:32:47Z,28.52425000,-81.85306667,731.00,,,,,,
322,2016-04-03T19:32:49Z,28.52423333,-81.85283333,733.00,,,,,,
323,2016-04-03T19:32:51Z,28.52435000,-81.85265000,737.00,,,,,,
324,2016-04-03T19:32:53Z,28.52453333,-81.85258333,740.00,,,,,,
325,2016-04-03T19:32:55Z,28.52473333,-81.85263333,742.00,,,,,,
326,2016-04-03T19:32:57Z,28.52490000,-81.85281667,748.00,,,,,,
327,2016-04-03T19:32:59Z,28.52493333,-81.85308333,751.00,,,,,,
328,2016-04-03T19:33:01Z,28.52481667,-81.85335000,754.00,,,,,,
329,2016-04-03T19:33:03Z,28.52465000,-81.85360000,758.00,,,,,,
330,2016-04-03T19:33:05Z,28.52445000,-81.85378333,757.00,,,,,,
331,2016-04-03T19:33:07Z,28.52420000,-81.85385000,758.00,,,,,,
332,2016-04-03T19:33:09Z,28.52396667,-81.85375000,760.00,,,,,,
333,2016-04-03T19:33:11Z,28.52383333,-81.85353333,765.00,,,,,,
334,2016-04-03T19:33:13Z,28.52380000,-81.85330000,769.00,,,,,,
335,2016-04-03T19:33:15Z,28.52386667,-81.85313333,772.00,,,,,,
336,2016-04-03T19:33:17Z,28.52401667,-81.85300000,774.00,,,,,,
337,2016-04-03T19:33:19Z,28.52421667,-81.85296667,777.00,,,,,,
338,2016-04-03T19:33:21Z,28.52441667,-81.85305000,781.00,,,,,,
339,2016-04-03T19:33:23Z,28.52455000,-81.85323333,786.00,,,,,,
340,2016-04-03T19:33:25Z,28.52458333,-81.85348333,785.00,,,,,,
341,2016-04-03T19:33:27Z,28.52451667,-81.85376667,786.00,,,,,,
342,2016-04-03T19:33:29Z,28.52433333,-81.85403333,789.00,,,,,,
343,2016-04-03T19:33:31Z,28.52410000,-81.85420000,791.00,,,,,,
344,2016-04-03T19:33:33Z,28.52385000,-81.85421667,788.00,,,,,,
345,2016-04-03T19:33:35Z,28.52360000,-81.85406667,793.00,,,,,,
346,2016-04-03T19:33:37Z,28.52346667,-81.85385000,796.00,,,,,,
347,2016-04-03T19:33:39Z,28.52341667,-81.85361667,800.00,,,,,,
348,2016-04-03T19:33:41Z,28.52340000,-81.85340000,803.00,,,,,,
349,2016-04-03T19:33:43Z,28.52346667,-81.85320000,806.00,,,,,,
350,2016-04-03T19:33:45Z,28.52361667,-81.85301667,810.00,,,,,,
351,2016-04-03T19:33:47Z,28.52378333,-81.85293333,811.00,,,,,,
352,2016-04-03T19:33:49Z,28.52398333,-81.85298333,812.00,,,,,,
353,2016-04-03T19:33:51Z,28.52411667,-81.85316667,813.00,,,,,,
354,2016-04-03T19:33:53Z,28.52420000,-81.85340000,814.00,,,,,,
355,2016-04-03T19:33:55Z,28.52421667,-81.85366667,813.00,,,,,,
356,2016-04-03T19:33:57Z,28.52413333,-81.85396667,814.00,,,,,,
357,2016-04-03T19:33:59Z,28.52396667,-81.85420000,816.00,,,,,,
358,2016-04-03T19:34:01Z,28.52371667,-81.85430000,815.00,,,,,,
359,2016-04-03T19:34:03Z,28.52346667,-81.85421667,814.00,,,,,,
360,2016-04-03T19:34:05Z,28.52330000,-81.85401667,816.00,,,,,,
361,2016-04-03T19:34:07Z,28.52325000,-81.85375000,818.00,,,,,,
362,2016-04-03T19:34:09Z,28.52330000,-81.85351667,820.00,,,,,,
363,2016-04-03T19:34:11Z,28.52343333,-81.85336667,817.00,,,,,,
364,2016-04-03T19:34:13Z,28.52365000,-81.85330000,816.00,,,,,,
365,2016-04-03T19:34:15Z,28.52385000,-81.85335000,819.00,,,,,,
366,2016-04-03T19:34:17Z,28.52400000,-81.85348333,819.00,,,,,,
367,2016-04-03T19:34:19Z,28.52406667,-81.85371667,814.00,,,,,,
368,2016-04-03T19:34:21Z,28.52406667,-81.85400000,815.00,,,,,,
369,2016-04-03T19:34:23Z,28.52400000,-81.85428333,818.00,,,,,,
370,2016-04-03T19:34:25Z,28.52385000,-81.85450000,816.00,,,,,,
371,2016-04-03T19:34:27Z,28.52365000,-81.85470000,816.00,,,,,,
372,2016-04-03T19:34:29Z,28.52340000,-81.85481667,815.00,,,,,,
373,2016-04-03T19:34:31Z,28.52313333,-81.85483333,815.00,,,,,,
374,2016-04-03T19:34:33Z,28.52288333,-81.85473333,814.00,,,,,,
375,2016-04-03T19:34:35Z,28.52268333,-81.85458333,813.00,,,,,,
376,2016-04-03T19:34:37Z,28.52260000,-81.85433333,810.00,,,,,,
377,2016-04-03T19:34:39Z,28.52261667,-81.85406667,812.00,,,,,,
378,2016-04-03T19:34:41Z,28.52268333,-81.85381667,813.00,,,,,,
379,2016-04-03T19:34:43Z,28.52276667,-81.85360000,813.00,,,,,,
380,2016-04-03T19:34:45Z,28.52288333,-81.85345000,810.00,,,,,,
381,2016-04-03T19:34:47Z,28.52305000,-81.85335000,805.00,,,,,,
382,2016-04-03T19:34:49Z,28.52325000,-81.85331667,808.00,,,,,,
383,2016-04-03T19:34:51Z,28.52345000,-81.85333333,806.00,,,,,,
384,2016-04-03T19:34:53Z,28.52363333,-81.85335000,803.00,,,,,,
385,2016-04-03T19:34:55Z,28.52383333,-81.85346667,799.00,,,,,,
386,2016-04-03T19:34:57Z,28.52401667,-81.85368333,800.00,,,,,,
387,2016-04-03T19:34:59Z,28.52408333,-81.85396667,799.00,,,,,,
388,2016-04-03T19:35:01Z,28.52403333,-81.85426667,797.00,,,,,,
389,2016-04-03T19:35:03Z,28.52386667,-81.85451667,795.00,,,,,,
390,2016-04-03T19:35:05Z,28.52361667,-81.85466667,793.00,,,,,,
391,2016-04-03T19:35:07Z,28.52335000,-81.85473333,789.00,,,,,,
392,2016-04-03T19:35:09Z,28.52306667,-81.85471667,789.00,,,,,,
393,2016-04-03T19:35:11Z,28.52285000,-81.85463333,786.00,,,,,,
394,2016-04-03T19:35:13Z,28.52268333,-81.85446667,782.00,,,,,,
395,2016-04-03T19:35:15Z,28.52258333,-81.85423333,779.00,,,,,,
396,2016-04-03T19:35:17Z,28.52248333,-81.85396667,774.00,,,,,,
397,2016-04-03T19:35:19Z,28.52233333,-81.85373333,774.00,,,,,,
398,2016-04-03T19:35:21Z,28.52213333,-81.85356667,773.00,,,,,,
399,2016-04-03T19:35:23Z,28.52186667,-81.85350000,771.00,,,,,,
400,2016-04-03T19:35:26Z,28.52158333,-81.85346667,769.00,,,,,,
401,2016-04-03T19:35:28Z,28.52126667,-81.85345000,772.00,,,,,,
402,2016-04-03T19:35:30Z,28.52098333,-81.85346667,774.00,,,,,,
403,2016-04-03T19:35:32Z,28.52068333,-81.85351667,775.00,,,,,,
404,2016-04-03T19:35:34Z,28.52038333,-81.85358333,778.00,,,,,,
405,2016-04-03T19:35:36Z,28.52006667,-81.85363333,779.00,,,,,,
406,2016-04-03T19:35:38Z,28.51975000,-81.85358333,782.00,,,,,,
407,2016-04-03T19:35:40Z,28.51948333,-81.85345000,784.00,,,,,,
408,2016-04-03T19:35:42Z,28.51930000,-81.85325000,788.00,,,,,,
409,2016-04-03T19:35:44Z,28.51911667,-81.85301667,790.00,,,,,,
410,2016-04-03T19:35:46Z,28.51896667,-81.85278333,795.00,,,,,,
411,2016-04-03T19:35:48Z,28.51888333,-81.85253333,792.00,,,,,,
412,2016-04-03T19:35:50Z,28.51893333,-81.85230000,792.00,,,,,,
413,2016-04-03T19:35:52Z,28.51908333,-81.85216667,796.00,,,,,,
414,2016-04-03T19:35:54Z,28.51926667,-81.85218333,799.00,,,,,,
415,2016-04-03T19:35:56Z,28.51940000,-81.85236667,803.00,,,,,,
416,2016-04-03T19:35:58Z,28.51938333,-81.85265000,804.00,,,,,,
417,2016-04-03T19:36:00Z,28.51921667,-81.85291667,807.00,,,,,,
418,2016-04-03T19:36:02Z,28.51895000,-81.85306667,807.00,,,,,,
419,2016-04-03T19:36:04Z,28.51863333,-81.85308333,812.00,,,,,,
420,2016-04-03T19:36:06Z,28.51836667,-81.85298333,813.00,,,,,,
421,2016-04-03T19:36:08Z,28.51818333,-81.85280000,812.00,,,,,,
422,2016-04-03T19:36:10Z,28.51808333,-81.85255000,812.00,,,,,,
423,2016-04-03T19:36:12Z,28.51810000,-81.85230000,807.00,,,,,,
424,2016-04-03T19:36:14Z,28.51825000,-81.85213333,811.00,,,,,,
425,2016-04-03T19:36:16Z,28.51845000,-81.85208333,812.00,,,,,,
426,2016-04-03T19:36:18Z,28.51863333,-81.85216667,817.00,,,,,,
427,2016-04-03T19:36:20Z,28.51876667,-81.85235000,819.00,,,,,,
428,2016-04-03T19:36:22Z,28.51880000,-81.85263333,824.00,,,,,,
429,2016-04-03T19:36:24Z,28.51870000,-81.85291667,827.00,,,,,,
430,2016-04-03T19:36:26Z,28.51850000,-81.85315000,829.00,,,,,,
431,2016-04-03T19:36:28Z,28.51825000,-81.85333333,831.00,,,,,,
432,2016-04-03T19:36:30Z,28.51795000,-81.85343333,832.00,,,,,,
433,2016-04-03T19:36:32Z,28.51768333,-81.85343333,832.00,,,,,,
434,2016-04-03T19:36:34Z,28.51745000,-81.85330000,830.00,,,,,,
435,2016-04-03T19:36:36Z,28.51726667,-81.85310000,829.00,,,,,,
436,2016-04-03T19:36:38Z,28.51720000,-81.85283333,826.00,,,,,,
437,2016-04-03T19:36:40Z,28.51721667,-81.85256667,826.00,,,,,,
438,2016-04-03T19:36:42Z,28.51735000,-81.85240000,823.00,,,,,,
439,2016-04-03T19:36:44Z,28.51753333,-81.85231667,823.00,,,,,,
440,2016-04-03T19:36:46Z,28.51775000,-81.85230000,829.00,,,,,,
441,2016-04-03T19:36:48Z,28.51791667,-81.85226667,832.00,,,,,,
442,2016-04-03T19:36:50Z,28.51810000,-81.85225000,834.00,,,,,,
443,2016-04-03T19:36:52Z,28.51828333,-81.85233333,844.00,,,,,,
444,2016-04-03T19:36:54Z,28.51840000,-81.85251667,843.00,,,,,,
445,2016-04-03T19:36:56Z,28.51835000,-81.85280000,844.00,,,,,,
446,2016-04-03T19:36:58Z,28.51813333,-81.85303333,849.00,,,,,,
447,2016-04-03T19:37:00Z,28.51786667,-81.85316667,854.00,,,,,,
448,2016-04-03T19:37:02Z,28.51760000,-81.85315000,855.00,,,,,,
449,2016-04-03T19:37:04Z,28.51740000,-81.85296667,856.00,,,,,,
450,2016-04-03T19:37:06Z,28.51735000,-81.85271667,857.00,,,,,,
451,2016-04-03T19:37:08Z,28.51745000,-81.85251667,864.00,,,,,,
452,2016-04-03T19:37:10Z,28.51758333,-81.85250000,866.00,,,,,,
453,2016-04-03T19:37:12Z,28.51770000,-81.85261667,868.00,,,,,,
454,2016-04-03T19:37:14Z,28.51768333,-81.85288333,864.00,,,,,,
455,2016-04-03T19:37:16Z,28.51746667,-81.85315000,870.00,,,,,,
456,2016-04-03T19:37:18Z,28.51718333,-81.85330000,873.00,,,,,,
457,2016-04-03T19:37:20Z,28.51690000,-81.85328333,873.00,,,,,,
458,2016-04-03T19:37:22Z,28.51665000,-81.85316667,875.00,,,,,,
459,2016-04-03T19:37:24Z,28.51646667,-81.85298333,876.00,,,,,,
460,2016-04-03T19:37:26Z,28.51638333,-81.85275000,873.00,,,,,,
461,2016-04-03T19:37:28Z,28.51641667,-81.85250000,875.00,,,,,,
462,2016-04-03T19:37:30Z,28.51650000,-81.85228333,877.00,,,,,,
463,2016-04-03T19:37:32Z,28.51658333,-81.85210000,876.00,,,,,,
464,2016-04-03T19:37:34Z,28.51671667,-81.85195000,881.00,,,,,,
465,2016-04-03T19:37:36Z,28.51686667,-81.85186667,885.00,,,,,,
466,2016-04-03T19:37:38Z,28.51701667,-81.85186667,893.00,,,,,,
467,2016-04-03T19:37:40Z,28.51711667,-81.85196667,894.00,,,,,,
468,2016-04-03T19:37:42Z,28.51716667,-81.85218333,893.00,,,,,,
469,2016-04-03T19:37:44Z,28.51711667,-81.85245000,892.00,,,,,,
470,2016-04-03T19:37:46Z,28.51691667,-81.85270000,895.00,,,,,,
471,2016-04-03T19:37:48Z,28.51660000,-81.85283333,903.00,,,,,,
472,2016-04-03T19:37:50Z,28.51630000,-81.85283333,901.00,,,,,,
473,2016-04-03T19:37:52Z,28.51605000,-81.85268333,904.00,,,,,,
474,2016-04-03T19:37:54Z,28.51593333,-81.85246667,902.00,,,,,,
475,2016-04-03T19:37:56Z,28.51596667,-81.85223333,900.00,,,,,,
476,2016-04-03T19:37:58Z,28.51615000,-81.85210000,903.00,,,,,,
477,2016-04-03T19:38:00Z,28.51635000,-81.85213333,911.00,,,,,,
478,2016-04-03T19:38:02Z,28.51646667,-81.85228333,910.00,,,,,,
479,2016-04-03T19:38:04Z,28.51648333,-81.85255000,911.00,,,,,,
480,2016-04-03T19:38:06Z,28.51640000,-81.85285000,917.00,,,,,,
481,2016-04-03T19:38:08Z,28.51623333,-81.85310000,918.00,,,,,,
482,2016-04-03T19:38:10Z,28.51600000,-81.85330000,922.00,,,,,,
483,2016-04-03T19:38:12Z,28.51573333,-81.85341667,923.00,,,,,,
484,2016-04-03T19:38:14Z,28.51545000,-81.85343333,923.00,,,,,,
485,2016-04-03T19:38:16Z,28.51520000,-81.85333333,924.00,,,,,,
486,2016-04-03T19:38:18Z,28.51501667,-81.85313333,921.00,,,,,,
487,2016-04-03T19:38:20Z,28.51493333,-81.85288333,918.00,,,,,,
488,2016-04-03T19:38:22Z,28.51498333,-81.85260000,917.00,,,,,,
489,2016-04-03T19:38:24Z,28.51511667,-81.85240000,921.00,,,,,,
490,2016-04-03T19:38:26Z,28.51530000,-81.85230000,921.00,,,,,,
491,2016-04-03T19:38:28Z,28.51550000,-81.85230000,925.00,,,,,,
492,2016-04-03T19:38:30Z,28.51566667,-81.85238333,927.00,,,,,,
493,2016-04-03T19:38:32Z,28.51580000,-81.85253333,926.00,,,,,,
494,2016-04-03T19:38:34Z,28.51588333,-81.85273333,930.00,,,,,,
495,2016-04-03T19:38:36Z,28.51591667,-81.85296667,928.00,,,,,,
496,2016-04-03T19:38:38Z,28.51585000,-81.85325000,932.00,,,,,,
497,2016-04-03T19:38:40Z,28.51570000,-81.85351667,935.00,,,,,,
498,2016-04-03T19:38:42Z,28.51546667,-81.85370000,934.00,,,,,,
499,2016-04-03T19:38:44Z,28.51515000,-81.85380000,937.00,,,,,,
500,2016-04-03T19:38:46Z,28.51486667,-81.85380000,940.00,,,,,,
501,2016-04-03T19:38:48Z,28.51463333,-81.85370000,937.00,,,,,,
502,2016-04-03T19:38:50Z,28.51448333,-81.85346667,935.00,,,,,,
503,2016-04-03T19:38:52Z,28.51450000,-81.85320000,936.00,,,,,,
504,2016-04-03T19:38:54Z,28.51463333,-81.85303333,935.00,,,,,,
505,2016-04-03T19:38:56Z,28.51481667,-81.85305000,937.00,,,,,,
506,2016-04-03T19:38:58Z,28.51496667,-81.85320000,937.00,,,,,,
507,2016-04-03T19:39:00Z,28.51503333,-81.85345000,939.00,,,,,,
508,2016-04-03T19:39:02Z,28.51496667,-81.85371667,938.00,,,,,,
509,2016-04-03T19:39:04Z,28.51473333,-81.85391667,932.00,,,,,,
510,2016-04-03T19:39:06Z,28.51440000,-81.85395000,937.00,,,,,,
511,2016-04-03T19:39:08Z,28.51415000,-81.85381667,934.00,,,,,,
512,2016-04-03T19:39:10Z,28.51398333,-81.85360000,932.00,,,,,,
513,2016-04-03T19:39:12Z,28.51393333,-81.85330000,933.00,,,,,,
514,2016-04-03T19:39:14Z,28.51400000,-81.85308333,933.00,,,,,,
515,2016-04-03T19:39:16Z,28.51411667,-81.85291667,934.00,,,,,,
516,2016-04-03T19:39:18Z,28.51425000,-81.85285000,933.00,,,,,,
517,2016-04-03T19:39:20Z,28.51440000,-81.85290000,933.00,,,,,,
518,2016-04-03T19:39:22Z,28.51453333,-81.85306667,933.00,,,,,,
519,2016-04-03T19:39:24Z,28.51456667,-81.85331667,931.00,,,,,,
520,2016-04-03T19:39:26Z,28.51450000,-81.85358333,928.00,,,,,,
521,2016-04-03T19:39:28Z,28.51426667,-81.85380000,923.00,,,,,,
522,2016-04-03T19:39:30Z,28.51393333,-81.85388333,925.00,,,,,,
523,2016-04-03T19:39:32Z,28.51365000,-81.85383333,923.00,,,,,,
524,2016-04-03T19:39:34Z,28.51340000,-81.85370000,919.00,,,,,,
525,2016-04-03T19:39:36Z,28.51318333,-81.85346667,920.00,,,,,,
526,2016-04-03T19:39:38Z,28.51300000,-81.85325000,917.00,,,,,,
527,2016-04-03T19:39:40Z,28.51281667,-81.85303333,915.00,,,,,,
528,2016-04-03T19:39:42Z,28.51261667,-81.85280000,914.00,,,,,,
529,2016-04-03T19:39:44Z,28.51241667,-81.85260000,913.00,,,,,,
530,2016-04-03T19:39:46Z,28.51220000,-81.85240000,912.00,,,,,,
531,2016-04-03T19:39:48Z,28.51200000,-81.85221667,910.00,,,,,,
532,2016-04-03T19:39:50Z,28.51180000,-81.85205000,909.00,,,,,,
533,2016-04-03T19:39:52Z,28.51158333,-81.85186667,909.00,,,,,,
534,2016-04-03T19:39:54Z,28.51136667,-81.85170000,905.00,,,,,,
535,2016-04-03T19:39:56Z,28.51116667,-81.85151667,903.00,,,,,,
536,2016-04-03T19:39:58Z,28.51096667,-81.85126667,903.00,,,,,,
537,2016-04-03T19:40:00Z,28.51078333,-81.85103333,901.00,,,,,,
538,2016-04-03T19:40:02Z,28.51058333,-81.85081667,899.00,,,,,,
539,2016-04-03T19:40:04Z,28.51036667,-81.85061667,894.00,,,,,,
540,2016-04-03T19:40:06Z,28.51015000,-81.85040000,890.00,,,,,,
541,2016-04-03T19:40:08Z,28.50993333,-81.85018333,888.00,,,,,,
542,2016-04-03T19:40:10Z,28.50971667,-81.84996667,884.00,,,,,,
543,2016-04-03T19:40:12Z,28.50950000,-81.84976667,881.00,,,,,,
544,2016-04-03T19:40:14Z,28.50923333,-81.84958333,877.00,,,,,,
545,2016-04-03T19:40:16Z,28.50896667,-81.84940000,873.00,,,,,,
546,2016-04-03T19:40:18Z,28.50868333,-81.84921667,870.00,,,,,,
547,2016-04-03T19:40:20Z,28.50840000,-81.84903333,868.00,,,,,,
548,2016-04-03T19:40:22Z,28.50815000,-81.84886667,865.00,,,,,,
549,2016-04-03T19:40:24Z,28.50788333,-81.84871667,860.00,,,,,,
550,2016-04-03T19:40:26Z,28.50760000,-81.84858333,857.00,,,,,,
551,2016-04-03T19:40:28Z,28.50731667,-81.84846667,853.00,,,,,,
552,2016-04-03T19:40:30Z,28.50703333,-81.84838333,851.00,,,,,,
553,2016-04-03T19:40:32Z,28.50675000,-81.84828333,847.00,,,,,,
554,2016-04-03T19:40:34Z,28.50646667,-81.84818333,843.00,,,,,,
555,2016-04-03T19:40:36Z,28.50616667,-81.84806667,840.00,,,,,,
556,2016-04-03T19:40:38Z,28.50586667,-81.84796667,838.00,,,,,,
557,2016-04-03T19:40:40Z,28.50556667,-81.84786667,835.00,,,,,,
558,2016-04-03T19:40:42Z,28.50526667,-81.84780000,832.00,,,,,,
559,2016-04-03T19:40:44Z,28.50498333,-81.84775000,829.00,,,,,,
560,2016-04-03T19:40:46Z,28.50470000,-81.84770000,825.00,,,,,,
561,2016-04-03T19:40:48Z,28.50443333,-81.84766667,822.00,,,,,,
562,2016-04-03T19:40:50Z,28.50416667,-81.84761667,817.00,,,,,,
563,2016-04-03T19:40:52Z,28.50390000,-81.84753333,814.00,,,,,,
564,2016-04-03T19:40:54Z,28.50365000,-81.84741667,809.00,,,,,,
565,2016-04-03T19:40:56Z,28.50340000,-81.84728333,804.00,,,,,,
566,2016-04-03T19:40:58Z,28.50315000,-81.84713333,801.00,,,,,,
567,2016-04-03T19:41:00Z,28.50290000,-81.84700000,799.00,,,,,,
568,2016-04-03T19:41:02Z,28.50265000,-81.84686667,797.00,,,,,,
569,2016-04-03T19:41:04Z,28.50241667,-81.84671667,794.00,,,,,,
570,2016-04-03T19:41:06Z,28.50218333,-81.84656667,792.00,,,,,,
571,2016-04-03T19:41:08Z,28.50195000,-81.84641667,789.00,,,,,,
572,2016-04-03T19:41:10Z,28.50173333,-81.84626667,785.00,,,,,,
573,2016-04-03T19:41:12Z,28.50148333,-81.84610000,782.00,,,,,,
574,2016-04-03T19:41:14Z,28.50125000,-81.84596667,781.00,,,,,,
575,2016-04-03T19:41:16Z,28.50100000,-81.84585000,778.00,,,,,,
576,2016-04-03T19:41:18Z,28.50076667,-81.84580000,772.00,,,,,,
577,2016-04-03T19:41:20Z,28.50050000,-81.84576667,767.00,,,,,,
578,2016-04-03T19:41:22Z,28.50020000,-81.84575000,765.00,,,,,,
579,2016-04-03T19:41:24Z,28.49980000,-81.84575000,761.00,,,,,,
580,2016-04-03T19:41:26Z,28.49953333,-81.84571667,756.00,,,,,,
581,2016-04-03T19:41:28Z,28.49928333,-81.84566667,753.00,,,,,,
582,2016-04-03T19:41:30Z,28.49903333,-81.84560000,749.00,,,,,,
583,2016-04-03T19:41:32Z,28.49881667,-81.84550000,743.00,,,,,,
584,2016-04-03T19:41:34Z,28.49860000,-81.84535000,739.00,,,,,,
585,2016-04-03T19:41:36Z,28.49838333,-81.84518333,735.00,,,,,,
586,2016-04-03T19:41:38Z,28.49818333,-81.84501667,730.00,,,,,,
587,2016-04-03T19:41:41Z,28.49796667,-81.84488333,726.00,,,,,,
588,2016-04-03T19:41:43Z,28.49775000,-81.84475000,721.00,,,,,,
589,2016-04-03T19:41:45Z,28.49751667,-81.84461667,717.00,,,,,,
590,2016-04-03T19:41:47Z,28.49726667,-81.84450000,715.00,,,,,,
591,2016-04-03T19:41:49Z,28.49698333,-81.84438333,715.00,,,,,,
592,2016-04-03T19:41:51Z,28.49671667,-81.84428333,714.00,,,,,,
593,2016-04-03T19:41:53Z,28.49646667,-81.84418333,714.00,,,,,,
594,2016-04-03T19:41:55Z,28.49628333,-81.84401667,711.00,,,,,,
595,2016-04-03T19:41:57Z,28.49621667,-81.84376667,705.00,,,,,,
596,2016-04-03T19:41:59Z,28.49635000,-81.84353333,702.00,,,,,,
597,2016-04-03T19:42:01Z,28.49660000,-81.84348333,709.00,,,,,,
598,2016-04-03T19:42:03Z,28.49681667,-81.84353333,709.00,,,,,,
599,2016-04-03T19:42:05Z,28.49700000,-81.84350000,704.00,,,,,,
600,2016-04-03T19:42:07Z,28.49711667,-81.84333333,704.00,,,,,,
601,2016-04-03T19:42:09Z,28.49711667,-81.84306667,703.00,,,,,,
602,2016-04-03T19:42:11Z,28.49695000,-81.84286667,704.00,,,,,,
603,2016-04-03T19:42:13Z,28.49666667,-81.84276667,710.00,,,,,,
604,2016-04-03T19:42:15Z,28.49638333,-81.84283333,711.00,,,,,,
605,2016-04-03T19:42:17Z,28.49615000,-81.84303333,720.00,,,,,,
606,2016-04-03T19:42:19Z,28.49600000,-81.84330000,720.00,,,,,,
607,2016-04-03T19:42:21Z,28.49600000,-81.84356667,720.00,,,,,,
608,2016-04-03T19:42:23Z,28.49611667,-81.84378333,717.00,,,,,,
609,2016-04-03T19:42:25Z,28.49633333,-81.84388333,721.00,,,,,,
610,2016-04-03T19:42:27Z,28.49653333,-81.84385000,719.00,,,,,,
611,2016-04-03T19:42:29Z,28.49668333,-81.84373333,717.00,,,,,,
612,2016-04-03T19:42:31Z,28.49681667,-81.84356667,719.00,,,,,,
613,2016-04-03T19:42:33Z,28.49690000,-81.84335000,720.00,,,,,,
614,2016-04-03T19:42:35Z,28.49690000,-81.84311667,719.00,,,,,,
615,2016-04-03T19:42:37Z,28.49683333,-81.84285000,719.00,,,,,,
616,2016-04-03T19:42:39Z,28.49665000,-81.84263333,729.00,,,,,,
617,2016-04-03T19:42:41Z,28.49640000,-81.84255000,732.00,,,,,,
618,2016-04-03T19:42:43Z,28.49615000,-81.84260000,729.00,,,,,,
619,2016-04-03T19:42:45Z,28.49588333,-81.84281667,734.00,,,,,,
620,2016-04-03T19:42:47Z,28.49578333,-81.84313333,736.00,,,,,,
621,2016-04-03T19:42:49Z,28.49585000,-81.84341667,740.00,,,,,,
622,2016-04-03T19:42:51Z,28.49603333,-81.84358333,739.00,,,,,,
623,2016-04-03T19:42:53Z,28.49625000,-81.84360000,742.00,,,,,,
624,2016-04-03T19:42:55Z,28.49645000,-81.84350000,742.00,,,,,,
625,2016-04-03T19:42:57Z,28.49655000,-81.84330000,743.00,,,,,,
626,2016-04-03T19:42:59Z,28.49655000,-81.84301667,744.00,,,,,,
627,2016-04-03T19:43:01Z,28.49643333,-81.84275000,750.00,,,,,,
628,2016-04-03T19:43:03Z,28.49626667,-81.84256667,752.00,,,,,,
629,2016-04-03T19:43:05Z,28.49605000,-81.84243333,751.00,,,,,,
630,2016-04-03T19:43:07Z,28.49578333,-81.84241667,750.00,,,,,,
631,2016-04-03T19:43:09Z,28.49551667,-81.84250000,748.00,,,,,,
632,2016-04-03T19:43:11Z,28.49530000,-81.84271667,748.00,,,,,,
633,2016-04-03T19:43:13Z,28.49515000,-81.84305000,752.00,,,,,,
634,2016-04-03T19:43:15Z,28.49513333,-81.84338333,754.00,,,,,,
635,2016-04-03T19:43:17Z,28.49523333,-81.84365000,756.00,,,,,,
636,2016-04-03T19:43:19Z,28.49541667,-81.84383333,757.00,,,,,,
637,2016-04-03T19:43:21Z,28.49561667,-81.84390000,758.00,,,,,,
638,2016-04-03T19:43:23Z,28.49583333,-81.84386667,758.00,,,,,,
639,2016-04-03T19:43:25Z,28.49601667,-81.84376667,761.00,,,,,,
640,2016-04-03T19:43:27Z,28.49616667,-81.84360000,763.00,,,,,,
641,2016-04-03T19:43:29Z,28.49623333,-81.84338333,767.00,,,,,,
642,2016-04-03T19:43:31Z,28.49623333,-81.84316667,768.00,,,,,,
643,2016-04-03T19:43:33Z,28.49610000,-81.84296667,768.00,,,,,,
644,2016-04-03T19:43:35Z,28.49590000,-81.84283333,768.00,,,,,,
645,2016-04-03T19:43:37Z,28.49563333,-81.84280000,769.00,,,,,,
646,2016-04-03T19:43:39Z,28.49536667,-81.84290000,769.00,,,,,,
647,2016-04-03T19:43:41Z,28.49515000,-81.84311667,767.00,,,,,,
648,2016-04-03T19:43:43Z,28.49501667,-81.84341667,769.00,,,,,,
649,2016-04-03T19:43:45Z,28.49500000,-81.84373333,771.00,,,,,,
650,2016-04-03T19:43:47Z,28.49510000,-81.84400000,771.00,,,,,,
651,2016-04-03T19:43:49Z,28.49528333,-81.84415000,771.00,,,,,,
652,2016-04-03T19:43:51Z,28.49548333,-81.84420000,772.00,,,,,,
653,2016-04-03T19:43:53Z,28.49568333,-81.84413333,769.00,,,,,,
654,2016-04-03T19:43:55Z,28.49581667,-81.84395000,774.00,,,,,,
655,2016-04-03T19:43:57Z,28.49585000,-81.84371667,778.00,,,,,,
656,2016-04-03T19:43:59Z,28.49578333,-81.84350000,780.00,,,,,,
657,2016-04-03T19:44:01Z,28.49560000,-81.84333333,780.00,,,,,,
658,2016-04-03T19:44:03Z,28.49535000,-81.84328333,780.00,,,,,,
659,2016-04-03T19:44:05Z,28.49508333,-81.84338333,777.00,,,,,,
660,2016-04-03T19:44:07Z,28.49490000,-81.84365000,778.00,,,,,,
661,2016-04-03T19:44:09Z,28.49488333,-81.84398333,778.00,,,,,,
662,2016-04-03T19:44:11Z,28.49501667,-81.84425000,779.00,,,,,,
663,2016-04-03T19:44:13Z,28.49523333,-81.84436667,783.00,,,,,,
664,2016-04-03T19:44:15Z,28.49545000,-81.84433333,783.00,,,,,,
665,2016-04-03T19:44:17Z,28.49563333,-81.84421667,787.00,,,,,,
666,2016-04-03T19:44:19Z,28.49576667,-81.84405000,789.00,,,,,,
667,2016-04-03T19:44:21Z,28.49581667,-81.84385000,790.00,,,,,,
668,2016-04-03T19:44:23Z,28.49578333,-81.84361667,792.00,,,,,,
669,2016-04-03T19:44:25Z,28.49570000,-81.84338333,792.00,,,,,,
670,2016-04-03T19:44:27Z,28.49553333,-81.84320000,788.00,,,,,,
671,2016-04-03T19:44:29Z,28.49528333,-81.84315000,788.00,,,,,,
672,2016-04-03T19:44:31Z,28.49503333,-81.84326667,785.00,,,,,,
673,2016-04-03T19:44:33Z,28.49485000,-81.84351667,781.00,,,,,,
674,2016-04-03T19:44:35Z,28.49480000,-81.84385000,777.00,,,,,,
675,2016-04-03T19:44:37Z,28.49490000,-81.84418333,780.00,,,,,,
676,2016-04-03T19:44:39Z,28.49505000,-81.84441667,785.00,,,,,,
677,2016-04-03T19:44:41Z,28.49523333,-81.84458333,784.00,,,,,,
678,2016-04-03T19:44:43Z,28.49543333,-81.84470000,780.00,,,,,,
679,2016-04-03T19:44:45Z,28.49566667,-81.84471667,778.00,,,,,,
680,2016-04-03T19:44:47Z,28.49590000,-81.84461667,775.00,,,,,,
681,2016-04-03T19:44:49Z,28.49606667,-81.84440000,774.00,,,,,,
682,2016-04-03T19:44:51Z,28.49616667,-81.84413333,773.00,,,,,,
683,2016-04-03T19:44:53Z,28.49615000,-81.84385000,768.00,,,,,,
684,2016-04-03T19:44:55Z,28.49600000,-81.84356667,765.00,,,,,,
685,2016-04-03T19:44:57Z,28.49571667,-81.84340000,768.00,,,,,,
686,2016-04-03T19:44:59Z,28.49540000,-81.84338333,774.00,,,,,,
687,2016-04-03T19:45:01Z,28.49511667,-81.84341667,769.00,,,,,,
688,2016-04-03T19:45:03Z,28.49491667,-81.84328333,770.00,,,,,,
689,2016-04-03T19:45:05Z,28.49493333,-81.84305000,767.00,,,,,,
690,2016-04-03T19:45:07Z,28.49510000,-81.84290000,768.00,,,,,,
691,2016-04-03T19:45:09Z,28.49533333,-81.84293333,769.00,,,,,,
692,2016-04-03T19:45:11Z,28.49551667,-81.84311667,766.00,,,,,,
693,2016-04-03T19:45:13Z,28.49558333,-81.84338333,769.00,,,,,,
694,2016-04-03T19:45:15Z,28.49550000,-81.84366667,768.00,,,,,,
695,2016-04-03T19:45:17Z,28.49526667,-81.84386667,769.00,,,,,,
696,2016-04-03T19:45:19Z,28.49498333,-81.84391667,772.00,,,,,,
697,2016-04-03T19:45:21Z,28.49476667,-81.84381667,771.00,,,,,,
698,2016-04-03T19:45:23Z,28.49468333,-81.84361667,766.00,,,,,,
699,2016-04-03T19:45:25Z,28.49471667,-81.84338333,766.00,,,,,,
700,2016-04-03T19:45:27Z,28.49486667,-81.84320000,768.00,,,,,,
701,2016-04-03T19:45:29Z,28.49505000,-81.84313333,768.00,,,,,,
702,2016-04-03T19:45:31Z,28.49526667,-81.84316667,765.00,,,,,,
703,2016-04-03T19:45:33Z,28.49541667,-81.84331667,765.00,,,,,,
704,2016-04-03T19:45:35Z,28.49546667,-81.84356667,765.00,,,,,,
705,2016-04-03T19:45:37Z,28.49538333,-81.84381667,765.00,,,,,,
706,2016-04-03T19:45:39Z,28.49520000,-81.84400000,765.00,,,,,,
707,2016-04-03T19:45:41Z,28.49495000,-81.84405000,763.00,,,,,,
708,2016-04-03T19:45:43Z,28.49468333,-81.84398333,763.00,,,,,,
709,2016-04-03T19:45:45Z,28.49450000,-81.84380000,763.00,,,,,,
710,2016-04-03T19:45:47Z,28.49443333,-81.84358333,761.00,,,,,,
711,2016-04-03T19:45:49Z,28.49445000,-81.84335000,760.00,,,,,,
712,2016-04-03T19:45:51Z,28.49451667,-81.84310000,760.00,,,,,,
713,2016-04-03T19:45:53Z,28.49460000,-81.84288333,759.00,,,,,,
714,2016-04-03T19:45:55Z,28.49473333,-81.84270000,759.00,,,,,,
715,2016-04-03T19:45:57Z,28.49491667,-81.84260000,759.00,,,,,,
716,2016-04-03T19:45:59Z,28.49513333,-81.84265000,757.00,,,,,,
717,2016-04-03T19:46:01Z,28.49526667,-81.84283333,753.00,,,,,,
718,2016-04-03T19:46:03Z,28.49525000,-81.84308333,750.00,,,,,,
719,2016-04-03T19:46:05Z,28.49508333,-81.84328333,745.00,,,,,,
720,2016-04-03T19:46:07Z,28.49481667,-81.84336667,746.00,,,,,,
721,2016-04-03T19:46:09Z,28.49456667,-81.84333333,745.00,,,,,,
722,2016-04-03T19:46:11Z,28.49433333,-81.84326667,742.00,,,,,,
723,2016-04-03T19:46:13Z,28.49410000,-81.84320000,739.00,,,,,,
724,2016-04-03T19:46:15Z,28.49385000,-81.84313333,741.00,,,,,,
725,2016-04-03T19:46:17Z,28.49361667,-81.84306667,740.00,,,,,,
726,2016-04-03T19:46:19Z,28.49338333,-81.84303333,739.00,,,,,,
727,2016-04-03T19:46:21Z,28.49315000,-81.84296667,739.00,,,,,,
728,2016-04-03T19:46:23Z,28.49291667,-81.84288333,740.00,,,,,,
729,2016-04-03T19:46:25Z,28.49268333,-81.84280000,739.00,,,,,,
730,2016-04-03T19:46:27Z,28.49245000,-81.84270000,740.00,,,,,,
731,2016-04-03T19:46:29Z,28.49223333,-81.84258333,738.00,,,,,,
732,2016-04-03T19:46:31Z,28.49200000,-81.84246667,737.00,,,,,,
733,2016-04-03T19:46:33Z,28.49176667,-81.84236667,734.00,,,,,,
734,2016-04-03T19:46:35Z,28.49156667,-81.84220000,733.00,,,,,,
735,2016-04-03T19:46:37Z,28.49138333,-81.84196667,733.00,,,,,,
736,2016-04-03T19:46:39Z,28.49121667,-81.84176667,733.00,,,,,,
737,2016-04-03T19:46:41Z,28.49100000,-81.84163333,733.00,,,,,,
738,2016-04-03T19:46:43Z,28.49075000,-81.84153333,735.00,,,,,,
739,2016-04-03T19:46:45Z,28.49050000,-81.84148333,733.00,,,,,,
740,2016-04-03T19:46:47Z,28.49023333,-81.84146667,733.00,,,,,,
741,2016-04-03T19:46:49Z,28.48996667,-81.84145000,735.00,,,,,,
742,2016-04-03T19:46:51Z,28.48970000,-81.84143333,738.00,,,,,,
743,2016-04-03T19:46:53Z,28.48943333,-81.84133333,739.00,,,,,,
744,2016-04-03T19:46:55Z,28.48925000,-81.84116667,739.00,,,,,,
745,2016-04-03T19:46:57Z,28.48920000,-81.84093333,736.00,,,,,,
746,2016-04-03T19:46:59Z,28.48931667,-81.84073333,739.00,,,,,,
747,2016-04-03T19:47:01Z,28.48951667,-81.84070000,741.00,,,,,,
748,2016-04-03T19:47:03Z,28.48970000,-81.84085000,739.00,,,,,,
749,2016-04-03T19:47:05Z,28.48975000,-81.84111667,740.00,,,,,,
750,2016-04-03T19:47:07Z,28.48963333,-81.84140000,742.00,,,,,,
751,2016-04-03T19:47:09Z,28.48941667,-81.84156667,741.00,,,,,,
752,2016-04-03T19:47:11Z,28.48915000,-81.84163333,743.00,,,,,,
753,2016-04-03T19:47:13Z,28.48890000,-81.84158333,743.00,,,,,,
754,2016-04-03T19:47:15Z,28.48868333,-81.84141667,747.00,,,,,,
755,2016-04-03T19:47:17Z,28.48856667,-81.84120000,748.00,,,,,,
756,2016-04-03T19:47:19Z,28.48855000,-81.84096667,748.00,,,,,,
757,2016-04-03T19:47:21Z,28.48865000,-81.84076667,751.00,,,,,,
758,2016-04-03T19:47:23Z,28.48893333,-81.84066667,749.00,,,,,,
759,2016-04-03T19:47:25Z,28.48903333,-81.84073333,753.00,,,,,,
760,2016-04-03T19:47:27Z,28.48921667,-81.84105000,753.00,,,,,,
761,2016-04-03T19:47:29Z,28.48921667,-81.84118333,755.00,,,,,,
762,2016-04-03T19:47:31Z,28.48903333,-81.84156667,755.00,,,,,,
763,2016-04-03T19:47:33Z,28.48880000,-81.84173333,757.00,,,,,,
764,2016-04-03T19:47:35Z,28.48853333,-81.84176667,759.00,,,,,,
765,2016-04-03T19:47:37Z,28.48830000,-81.84168333,760.00,,,,,,
766,2016-04-03T19:47:39Z,28.48811667,-81.84150000,763.00,,,,,,
767,2016-04-03T19:47:41Z,28.48806667,-81.84140000,764.00,,,,,,
768,2016-04-03T19:47:43Z,28.48803333,-81.84105000,764.00,,,,,,
769,2016-04-03T19:47:45Z,28.48810000,-81.84083333,767.00,,,,,,
770,2016-04-03T19:47:47Z,28.48823333,-81.84066667,768.00,,,,,,
771,2016-04-03T19:47:49Z,28.48841667,-81.84060000,769.00,,,,,,
772,2016-04-03T19:47:51Z,28.48861667,-81.84066667,768.00,,,,,,
773,2016-04-03T19:47:53Z,28.48876667,-81.84081667,770.00,,,,,,
774,2016-04-03T19:47:55Z,28.48883333,-81.84103333,769.00,,,,,,
775,2016-04-03T19:47:57Z,28.48880000,-81.84130000,771.00,,,,,,
776,2016-04-03T19:47:59Z,28.48866667,-81.84156667,774.00,,,,,,
777,2016-04-03T19:48:01Z,28.48848333,-81.84176667,774.00,,,,,,
778,2016-04-03T19:48:03Z,28.48823333,-81.84191667,773.00,,,,,,
779,2016-04-03T19:48:05Z,28.48795000,-81.84201667,771.00,,,,,,
780,2016-04-03T19:48:07Z,28.48766667,-81.84210000,771.00,,,,,,
781,2016-04-03T19:48:09Z,28.48738333,-81.84213333,773.00,,,,,,
782,2016-04-03T19:48:11Z,28.48713333,-81.84206667,773.00,,,,,,
783,2016-04-03T19:48:13Z,28.48693333,-81.84188333,773.00,,,,,,
784,2016-04-03T19:48:15Z,28.48686667,-81.84163333,776.00,,,,,,
785,2016-04-03T19:48:17Z,28.48691667,-81.84141667,778.00,,,,,,
786,2016-04-03T19:48:19Z,28.48705000,-81.84126667,777.00,,,,,,
787,2016-04-03T19:48:21Z,28.48725000,-81.84120000,778.00,,,,,,
788,2016-04-03T19:48:23Z,28.48745000,-81.84126667,780.00,,,,,,
789,2016-04-03T19:48:25Z,28.48760000,-81.84141667,781.00,,,,,,
790,2016-04-03T19:48:27Z,28.48768333,-81.84163333,785.00,,,,,,
791,2016-04-03T19:48:29Z,28.48768333,-81.84186667,783.00,,,,,,
792,2016-04-03T19:48:31Z,28.48758333,-81.84213333,783.00,,,,,,
793,2016-04-03T19:48:33Z,28.48740000,-81.84236667,781.00,,,,,,
794,2016-04-03T19:48:35Z,28.48716667,-81.84251667,775.00,,,,,,
795,2016-04-03T19:48:37Z,28.48688333,-81.84256667,773.00,,,,,,
796,2016-04-03T19:48:39Z,28.48660000,-81.84250000,772.00,,,,,,
797,2016-04-03T19:48:41Z,28.48636667,-81.84235000,769.00,,,,,,
798,2016-04-03T19:48:43Z,28.48620000,-81.84211667,769.00,,,,,,
799,2016-04-03T19:48:45Z,28.48615000,-81.84183333,768.00,,,,,,
800,2016-04-03T19:48:47Z,28.48618333,-81.84156667,771.00,,,,,,
801,2016-04-03T19:48:49Z,28.48628333,-81.84135000,773.00,,,,,,
802,2016-04-03T19:48:51Z,28.48643333,-81.84118333,773.00,,,,,,
803,2016-04-03T19:48:53Z,28.48661667,-81.84108333,771.00,,,,,,
804,2016-04-03T19:48:55Z,28.48681667,-81.84108333,771.00,,,,,,
805,2016-04-03T19:48:57Z,28.48701667,-81.84120000,772.00,,,,,,
806,2016-04-03T19:48:59Z,28.48715000,-81.84138333,775.00,,,,,,
807,2016-04-03T19:49:01Z,28.48720000,-81.84161667,774.00,,,,,,
808,2016-04-03T19:49:03Z,28.48715000,-81.84188333,778.00,,,,,,
809,2016-04-03T19:49:05Z,28.48698333,-81.84208333,778.00,,,,,,
810,2016-04-03T19:49:07Z,28.48673333,-81.84218333,778.00,,,,,,
811,2016-04-03T19:49:09Z,28.48645000,-81.84218333,776.00,,,,,,
812,2016-04-03T19:49:11Z,28.48618333,-81.84205000,777.00,,,,,,
813,2016-04-03T19:49:13Z,28.48598333,-81.84180000,780.00,,,,,,
814,2016-04-03T19:49:15Z,28.48590000,-81.84153333,780.00,,,,,,
815,2016-04-03T19:49:17Z,28.48593333,-81.84130000,781.00,,,,,,
816,2016-04-03T19:49:19Z,28.48606667,-81.84113333,780.00,,,,,,
817,2016-04-03T19:49:21Z,28.48626667,-81.84106667,780.00,,,,,,
818,2016-04-03T19:49:23Z,28.48646667,-81.84110000,779.00,,,,,,
819,2016-04-03T19:49:25Z,28.48663333,-81.84123333,778.00,,,,,,
820,2016-04-03T19:49:27Z,28.48678333,-81.84143333,778.00,,,,,,
821,2016-04-03T19:49:29Z,28.48685000,-81.84166667,779.00,,,,,,
822,2016-04-03T19:49:31Z,28.48681667,-81.84195000,780.00,,,,,,
823,2016-04-03T19:49:33Z,28.48666667,-81.84220000,782.00,,,,,,
824,2016-04-03T19:49:35Z,28.48646667,-81.84236667,781.00,,,,,,
825,2016-04-03T19:49:37Z,28.48621667,-81.84245000,779.00,,,,,,
826,2016-04-03T19:49:39Z,28.48595000,-81.84248333,777.00,,,,,,
827,2016-04-03T19:49:41Z,28.48568333,-81.84245000,777.00,,,,,,
828,2016-04-03T19:49:43Z,28.48541667,-81.84240000,778.00,,,,,,
829,2016-04-03T19:49:45Z,28.48516667,-81.84231667,779.00,,,,,,
830,2016-04-03T19:49:47Z,28.48490000,-81.84226667,780.00,,,,,,
831,2016-04-03T19:49:49Z,28.48463333,-81.84223333,780.00,,,,,,
832,2016-04-03T19:49:51Z,28.48436667,-81.84225000,781.00,,,,,,
833,2016-04-03T19:49:53Z,28.48408333,-81.84226667,782.00,,,,,,
834,2016-04-03T19:49:55Z,28.48381667,-81.84226667,782.00,,,,,,
835,2016-04-03T19:49:57Z,28.48356667,-81.84223333,783.00,,,,,,
836,2016-04-03T19:49:59Z,28.48333333,-81.84220000,782.00,,,,,,
837,2016-04-03T19:50:01Z,28.48308333,-81.84216667,779.00,,,,,,
838,2016-04-03T19:50:03Z,28.48281667,-81.84215000,775.00,,,,,,
839,2016-04-03T19:50:05Z,28.48256667,-81.84213333,774.00,,,,,,
840,2016-04-03T19:50:07Z,28.48230000,-81.84215000,773.00,,,,,,
841,2016-04-03T19:50:09Z,28.48203333,-81.84218333,772.00,,,,,,
842,2016-04-03T19:50:11Z,28.48176667,-81.84223333,770.00,,,,,,
843,2016-04-03T19:50:13Z,28.48148333,-81.84226667,768.00,,,,,,
844,2016-04-03T19:50:15Z,28.48120000,-81.84228333,766.00,,,,,,
845,2016-04-03T19:50:17Z,28.48090000,-81.84226667,765.00,,,,,,
846,2016-04-03T19:50:19Z,28.48063333,-81.84220000,763.00,,,,,,
847,2016-04-03T19:50:21Z,28.48038333,-81.84211667,761.00,,,,,,
848,2016-04-03T19:50:23Z,28.48013333,-81.84201667,758.00,,,,,,
849,2016-04-03T19:50:25Z,28.47988333,-81.84191667,755.00,,,,,,
850,2016-04-03T19:50:27Z,28.47963333,-81.84180000,752.00,,,,,,
851,2016-04-03T19:50:29Z,28.47938333,-81.84171667,752.00,,,,,,
852,2016-04-03T19:50:31Z,28.47915000,-81.84166667,750.00,,,,,,
853,2016-04-03T19:50:33Z,28.47891667,-81.84165000,747.00,,,,,,
854,2016-04-03T19:50:35Z,28.47866667,-81.84165000,745.00,,,,,,
855,2016-04-03T19:50:37Z,28.47845000,-81.84163333,744.00,,,,,,
856,2016-04-03T19:50:39Z,28.47823333,-81.84158333,738.00,,,,,,
857,2016-04-03T19:50:41Z,28.47801667,-81.84143333,735.00,,,,,,
858,2016-04-03T19:50:43Z,28.47783333,-81.84120000,735.00,,,,,,
859,2016-04-03T19:50:45Z,28.47768333,-81.84098333,731.00,,,,,,
860,2016-04-03T19:50:47Z,28.47753333,-81.84075000,728.00,,,,,,
861,2016-04-03T19:50:49Z,28.47740000,-81.84053333,726.00,,,,,,
862,2016-04-03T19:50:51Z,28.47721667,-81.84038333,721.00,,,,,,
863,2016-04-03T19:50:53Z,28.47703333,-81.84023333,716.00,,,,,,
864,2016-04-03T19:50:55Z,28.47681667,-81.84010000,712.00,,,,,,
865,2016-04-03T19:50:57Z,28.47658333,-81.83998333,708.00,,,,,,
866,2016-04-03T19:50:59Z,28.47636667,-81.83988333,704.00,,,,,,
867,2016-04-03T19:51:01Z,28.47611667,-81.83981667,698.00,,,,,,
868,2016-04-03T19:51:03Z,28.47586667,-81.83978333,695.00,,,,,,
869,2016-04-03T19:51:05Z,28.47560000,-81.83978333,692.00,,,,,,
870,2016-04-03T19:51:07Z,28.47535000,-81.83981667,687.00,,,,,,
871,2016-04-03T19:51:09Z,28.47508333,-81.83983333,681.00,,,,,,
872,2016-04-03T19:51:11Z,28.47480000,-81.83986667,676.00,,,,,,
873,2016-04-03T19:51:13Z,28.47453333,-81.83986667,671.00,,,,,,
874,2016-04-03T19:51:15Z,28.47425000,-81.83986667,667.00,,,,,,
875,2016-04-03T19:51:17Z,28.47400000,-81.83980000,664.00,,,,,,
876,2016-04-03T19:51:19Z,28.47376667,-81.83970000,660.00,,,,,,
877,2016-04-03T19:51:21Z,28.47353333,-81.83960000,652.00,,,,,,
878,2016-04-03T19:51:23Z,28.47326667,-81.83950000,648.00,,,,,,
879,2016-04-03T19:51:25Z,28.47300000,-81.83941667,645.00,,,,,,
880,2016-04-03T19:51:27Z,28.47273333,-81.83935000,641.00,,,,,,
881,2016-04-03T19:51:29Z,28.47248333,-81.83928333,637.00,,,,,,
882,2016-04-03T19:51:31Z,28.47223333,-81.83923333,633.00,,,,,,
883,2016-04-03T19:51:33Z,28.47198333,-81.83916667,629.00,,,,,,
884,2016-04-03T19:51:35Z,28.47173333,-81.83911667,625.00,,,,,,
885,2016-04-03T19:51:37Z,28.47148333,-81.83906667,623.00,,,,,,
886,2016-04-03T19:51:39Z,28.47121667,-81.83903333,620.00,,,,,,
887,2016-04-03T19:51:41Z,28.47096667,-81.83900000,617.00,,,,,,
888,2016-04-03T19:51:43Z,28.47073333,-81.83896667,613.00,,,,,,
889,2016-04-03T19:51:45Z,28.47050000,-81.83890000,610.00,,,,,,
890,2016-04-03T19:51:47Z,28.47026667,-81.83881667,606.00,,,,,,
891,2016-04-03T19:51:49Z,28.47005000,-81.83870000,603.00,,,,,,
892,2016-04-03T19:51:51Z,28.46983333,-81.83855000,600.00,,,,,,
893,2016-04-03T19:51:53Z,28.46963333,-81.83840000,596.00,,,,,,
894,2016-04-03T19:51:55Z,28.46941667,-81.83823333,593.00,,,,,,
895,2016-04-03T19:51:57Z,28.46920000,-81.83810000,587.00,,,,,,
896,2016-04-03T19:51:59Z,28.46896667,-81.83800000,583.00,,,,,,
897,2016-04-03T19:52:01Z,28.46870000,-81.83790000,581.00,,,,,,
898,2016-04-03T19:52:03Z,28.46846667,-81.83780000,579.00,,,,,,
899,2016-04-03T19:52:05Z,28.46821667,-81.83770000,577.00,,,,,,
900,2016-04-03T19:52:07Z,28.46796667,-81.83761667,575.00,,,,,,
901,2016-04-03T19:52:09Z,28.46770000,-81.83753333,573.00,,,,,,
902,2016-04-03T19:52:11Z,28.46741667,-81.83746667,571.00,,,,,,
903,2016-04-03T19:52:13Z,28.46715000,-81.83740000,572.00,,,,,,
904,2016-04-03T19:52:15Z,28.46690000,-81.83730000,570.00,,,,,,
905,2016-04-03T19:52:17Z,28.46668333,-81.83718333,570.00,,,,,,
906,2016-04-03T19:52:19Z,28.46650000,-81.83701667,569.00,,,,,,
907,2016-04-03T19:52:21Z,28.46638333,-81.83680000,568.00,,,,,,
908,2016-04-03T19:52:23Z,28.46631667,-81.83658333,571.00,,,,,,
909,2016-04-03T19:52:25Z,28.46630000,-81.83638333,568.00,,,,,,
910,2016-04-03T19:52:27Z,28.46633333,-81.83620000,565.00,,,,,,
911,2016-04-03T19:52:29Z,28.46645000,-81.83606667,559.00,,,,,,
912,2016-04-03T19:52:31Z,28.46661667,-81.83603333,552.00,,,,,,
913,2016-04-03T19:52:33Z,28.46683333,-81.83616667,551.00,,,,,,
914,2016-04-03T19:52:35Z,28.46705000,-81.83633333,551.00,,,,,,
915,2016-04-03T19:52:37Z,28.46728333,-81.83640000,553.00,,,,,,
916,2016-04-03T19:52:39Z,28.46748333,-81.83633333,547.00,,,,,,
917,2016-04-03T19:52:41Z,28.46758333,-81.83613333,545.00,,,,,,
918,2016-04-03T19:52:43Z,28.46755000,-81.83588333,544.00,,,,,,
919,2016-04-03T19:52:45Z,28.46738333,-81.83570000,541.00,,,,,,
920,2016-04-03T19:52:47Z,28.46710000,-81.83565000,540.00,,,,,,
921,2016-04-03T19:52:49Z,28.46681667,-81.83573333,541.00,,,,,,
922,2016-04-03T19:52:51Z,28.46660000,-81.83591667,539.00,,,,,,
923,2016-04-03T19:52:53Z,28.46645000,-81.83620000,538.00,,,,,,
924,2016-04-03T19:52:55Z,28.46641667,-81.83651667,537.00,,,,,,
925,2016-04-03T19:52:57Z,28.46645000,-81.83683333,539.00,,,,,,
926,2016-04-03T19:52:59Z,28.46641667,-81.83713333,539.00,,,,,,
927,2016-04-03T19:53:01Z,28.46626667,-81.83740000,538.00,,,,,,
928,2016-04-03T19:53:03Z,28.46600000,-81.83753333,540.00,,,,,,
929,2016-04-03T19:53:05Z,28.46575000,-81.83748333,543.00,,,,,,
930,2016-04-03T19:53:07Z,28.46560000,-81.83730000,541.00,,,,,,
931,2016-04-03T19:53:09Z,28.46561667,-81.83706667,541.00,,,,,,
932,2016-04-03T19:53:11Z,28.46580000,-81.83695000,541.00,,,,,,
933,2016-04-03T19:53:13Z,28.46600000,-81.83703333,541.00,,,,,,
934,2016-04-03T19:53:15Z,28.46610000,-81.83730000,539.00,,,,,,
935,2016-04-03T19:53:17Z,28.46601667,-81.83763333,540.00,,,,,,
936,2016-04-03T19:53:19Z,28.46580000,-81.83786667,540.00,,,,,,
937,2016-04-03T19:53:21Z,28.46551667,-81.83795000,539.00,,,,,,
938,2016-04-03T19:53:23Z,28.46523333,-81.83786667,542.00,,,,,,
939,2016-04-03T19:53:25Z,28.46505000,-81.83770000,543.00,,,,,,
940,2016-04-03T19:53:27Z,28.46501667,-81.83750000,541.00,,,,,,
941,2016-04-03T19:53:29Z,28.46508333,-81.83730000,542.00,,,,,,
942,2016-04-03T19:53:31Z,28.46525000,-81.83720000,541.00,,,,,,
943,2016-04-03T19:53:33Z,28.46543333,-81.83728333,540.00,,,,,,
944,2016-04-03T19:53:35Z,28.46556667,-81.83748333,541.00,,,,,,
945,2016-04-03T19:53:37Z,28.46558333,-81.83776667,539.00,,,,,,
946,2016-04-03T19:53:39Z,28.46543333,-81.83805000,536.00,,,,,,
947,2016-04-03T19:53:41Z,28.46518333,-81.83825000,538.00,,,,,,
948,2016-04-03T19:53:43Z,28.46490000,-81.83830000,539.00,,,,,,
949,2016-04-03T19:53:45Z,28.46465000,-81.83825000,539.00,,,,,,
950,2016-04-03T19:53:47Z,28.46441667,-81.83810000,538.00,,,,,,
951,2016-04-03T19:53:50Z,28.46420000,-81.83778333,539.00,,,,,,
952,2016-04-03T19:53:52Z,28.46420000,-81.83755000,538.00,,,,,,
953,2016-04-03T19:53:54Z,28.46431667,-81.83736667,541.00,,,,,,
954,2016-04-03T19:53:56Z,28.46446667,-81.83726667,540.00,,,,,,
955,2016-04-03T19:53:58Z,28.46465000,-81.83726667,539.00,,,,,,
956,2016-04-03T19:54:00Z,28.46483333,-81.83738333,540.00,,,,,,
957,2016-04-03T19:54:02Z,28.46493333,-81.83761667,539.00,,,,,,
958,2016-04-03T19:54:04Z,28.46493333,-81.83790000,537.00,,,,,,
959,2016-04-03T19:54:06Z,28.46481667,-81.83820000,536.00,,,,,,
960,2016-04-03T19:54:08Z,28.46458333,-81.83841667,534.00,,,,,,
961,2016-04-03T19:54:10Z,28.46430000,-81.83851667,535.00,,,,,,
962,2016-04-03T19:54:12Z,28.46403333,-81.83850000,534.00,,,,,,
963,2016-04-03T19:54:14Z,28.46381667,-81.83836667,533.00,,,,,,
964,2016-04-03T19:54:16Z,28.46365000,-81.83816667,533.00,,,,,,
965,2016-04-03T19:54:18Z,28.46355000,-81.83795000,532.00,,,,,,
966,2016-04-03T19:54:20Z,28.46351667,-81.83771667,530.00,,,,,,
967,2016-04-03T19:54:22Z,28.46356667,-81.83748333,529.00,,,,,,
968,2016-04-03T19:54:24Z,28.46370000,-81.83730000,530.00,,,,,,
969,2016-04-03T19:54:26Z,28.46383333,-81.83716667,529.00,,,,,,
970,2016-04-03T19:54:28Z,28.46398333,-81.83703333,526.00,,,,,,
971,2016-04-03T19:54:30Z,28.46413333,-81.83690000,525.00,,,,,,
972,2016-04-03T19:54:32Z,28.46426667,-81.83675000,523.00,,,,,,
973,2016-04-03T19:54:34Z,28.46441667,-81.83660000,521.00,,,,,,
974,2016-04-03T19:54:36Z,28.46453333,-81.83645000,519.00,,,,,,
975,2016-04-03T19:54:38Z,28.46463333,-81.83626667,518.00,,,,,,
976,2016-04-03T19:54:40Z,28.46465000,-81.83606667,516.00,,,,,,
977,2016-04-03T19:54:42Z,28.46458333,-81.83581667,514.00,,,,,,
978,2016-04-03T19:54:44Z,28.46436667,-81.83561667,510.00,,,,,,
979,2016-04-03T19:54:46Z,28.46410000,-81.83551667,507.00,,,,,,
980,2016-04-03T19:54:48Z,28.46381667,-81.83550000,504.00,,,,,,
981,2016-04-03T19:54:50Z,28.46353333,-81.83553333,503.00,,,,,,
982,2016-04-03T19:54:52Z,28.46328333,-81.83558333,497.00,,,,,,
983,2016-04-03T19:54:54Z,28.46300000,-81.83565000,489.00,,,,,,
984,2016-04-03T19:54:56Z,28.46270000,-81.83576667,486.00,,,,,,
985,2016-04-03T19:54:58Z,28.46243333,-81.83593333,487.00,,,,,,
986,2016-04-03T19:55:00Z,28.46220000,-81.83610000,486.00,,,,,,
987,2016-04-03T19:55:02Z,28.46196667,-81.83625000,486.00,,,,,,
988,2016-04-03T19:55:04Z,28.46171667,-81.83635000,484.00,,,,,,
989,2016-04-03T19:55:06Z,28.46143333,-81.83633333,483.00,,,,,,
990,2016-04-03T19:55:08Z,28.46118333,-81.83623333,485.00,,,,,,
991,2016-04-03T19:55:10Z,28.46100000,-81.83611667,484.00,,,,,,
992,2016-04-03T19:55:12Z,28.46088333,-81.83593333,479.00,,,,,,
993,2016-04-03T19:55:14Z,28.46086667,-81.83571667,481.00,,,,,,
994,2016-04-03T19:55:16Z,28.46090000,-81.83553333,486.00,,,,,,
995,2016-04-03T19:55:18Z,28.46101667,-81.83540000,483.00,,,,,,
996,2016-04-03T19:55:20Z,28.46118333,-81.83535000,483.00,,,,,,
997,2016-04-03T19:55:22Z,28.46133333,-81.83541667,484.00,,,,,,
998,2016-04-03T19:55:24Z,28.46146667,-81.83558333,480.00,,,,,,
999,2016-04-03T19:55:26Z,28.46150000,-81.83583333,481.00,,,,,,
1000,2016-04-03T19:55:28Z,28.46138333,-81.83606667,476.00,,,,,,
1001,2016-04-03T19:55:30Z,28.46113333,-81.83623333,473.00,,,,,,
1002,2016-04-03T19:55:32Z,28.46081667,-81.83620000,476.00,,,,,,
1003,2016-04-03T19:55:34Z,28.46058333,-81.83608333,478.00,,,,,,
1004,2016-04-03T19:55:36Z,28.46045000,-81.83586667,478.00,,,,,,
1005,2016-04-03T19:55:38Z,28.46045000,-81.83565000,479.00,,,,,,
1006,2016-04-03T19:55:40Z,28.46058333,-81.83548333,480.00,,,,,,
1007,2016-04-03T19:55:42Z,28.46076667,-81.83541667,480.00,,,,,,
1008,2016-04-03T19:55:44Z,28.46096667,-81.83543333,477.00,,,,,,
1009,2016-04-03T19:55:46Z,28.46115000,-81.83551667,473.00,,,,,,
1010,2016-04-03T19:55:48Z,28.46131667,-81.83566667,468.00,,,,,,
1011,2016-04-03T19:55:50Z,28.46146667,-81.83586667,465.00,,,,,,
1012,2016-04-03T19:55:52Z,28.46161667,-81.83605000,458.00,,,,,,
1013,2016-04-03T19:55:54Z,28.46180000,-81.83621667,454.00,,,,,,
1014,2016-04-03T19:55:56Z,28.46198333,-81.83633333,450.00,,,,,,
1015,2016-04-03T19:55:58Z,28.46215000,-81.83630000,446.00,,,,,,
1016,2016-04-03T19:56:00Z,28.46226667,-81.83610000,441.00,,,,,,
1017,2016-04-03T19:56:02Z,28.46223333,-81.83583333,438.00,,,,,,
1018,2016-04-03T19:56:04Z,28.46203333,-81.83560000,433.00,,,,,,
1019,2016-04-03T19:56:06Z,28.46175000,-81.83550000,424.00,,,,,,
1020,2016-04-03T19:56:08Z,28.46145000,-81.83546667,421.00,,,,,,
1021,2016-04-03T19:56:10Z,28.46115000,-81.83543333,416.00,,,,,,
1022,2016-04-03T19:56:12Z,28.46090000,-81.83536667,411.00,,,,,,
1023,2016-04-03T19:56:14Z,28.46063333,-81.83525000,406.00,,,,,,
1024,2016-04-03T19:56:16Z,28.46035000,-81.83510000,403.00,,,,,,
1025,2016-04-03T19:56:18Z,28.46010000,-81.83498333,400.00,,,,,,
1026,2016-04-03T19:56:20Z,28.45983333,-81.83488333,398.00,,,,,,
1027,2016-04-03T19:56:22Z,28.45953333,-81.83480000,396.00,,,,,,
1028,2016-04-03T19:56:24Z,28.45926667,-81.83476667,394.00,,,,,,
1029,2016-04-03T19:56:26Z,28.45900000,-81.83476667,389.00,,,,,,
1030,2016-04-03T19:56:28Z,28.45873333,-81.83473333,383.00,,,,,,
1031,2016-04-03T19:56:30Z,28.45846667,-81.83468333,377.00,,,,,,
1032,2016-04-03T19:56:32Z,28.45820000,-81.83461667,371.00,,,,,,
1033,2016-04-03T19:56:34Z,28.45793333,-81.83455000,366.00,,,,,,
1034,2016-04-03T19:56:36Z,28.45766667,-81.83453333,360.00,,,,,,
1035,2016-04-03T19:56:38Z,28.45740000,-81.83456667,353.00,,,,,,
1036,2016-04-03T19:56:40Z,28.45713333,-81.83463333,347.00,,,,,,
1037,2016-04-03T19:56:42Z,28.45686667,-81.83470000,342.00,,,,,,
1038,2016-04-03T19:56:44Z,28.45661667,-81.83475000,336.00,,,,,,
1039,2016-04-03T19:56:46Z,28.45636667,-81.83476667,330.00,,,,,,
1040,2016-04-03T19:56:48Z,28.45611667,-81.83480000,327.00,,,,,,
1041,2016-04-03T19:56:50Z,28.45585000,-81.83486667,325.00,,,,,,
1042,2016-04-03T19:56:52Z,28.45560000,-81.83496667,317.00,,,,,,
1043,2016-04-03T19:56:54Z,28.45533333,-81.83511667,320.00,,,,,,
1044,2016-04-03T19:56:56Z,28.45508333,-81.83525000,321.00,,,,,,
1045,2016-04-03T19:56:58Z,28.45485000,-81.83530000,320.00,,,,,,
1046,2016-04-03T19:57:00Z,28.45460000,-81.83523333,320.00,,,,,,
1047,2016-04-03T19:57:02Z,28.45445000,-81.83508333,320.00,,,,,,
1048,2016-04-03T19:57:04Z,28.45443333,-81.83490000,317.00,,,,,,
1049,2016-04-03T19:57:06Z,28.45456667,-81.83480000,320.00,,,,,,
1050,2016-04-03T19:57:08Z,28.45470000,-81.83483333,319.00,,,,,,
1051,2016-04-03T19:57:10Z,28.45478333,-81.83505000,315.00,,,,,,
1052,2016-04-03T19:57:12Z,28.45466667,-81.83535000,314.00,,,,,,
1053,2016-04-03T19:57:14Z,28.45440000,-81.83548333,315.00,,,,,,
1054,2016-04-03T19:57:16Z,28.45415000,-81.83540000,312.00,,,,,,
1055,2016-04-03T19:57:18Z,28.45405000,-81.83518333,312.00,,,,,,
1056,2016-04-03T19:57:20Z,28.45410000,-81.83496667,313.00,,,,,,
1057,2016-04-03T19:57:22Z,28.45421667,-81.83483333,313.00,,,,,,
1058,2016-04-03T19:57:24Z,28.45436667,-81.83480000,312.00,,,,,,
1059,2016-04-03T19:57:26Z,28.45451667,-81.83490000,313.00,,,,,,
1060,2016-04-03T19:57:28Z,28.45460000,-81.83510000,310.00,,,,,,
1061,2016-04-03T19:57:30Z,28.45458333,-81.83538333,309.00,,,,,,
1062,2016-04-03T19:57:32Z,28.45446667,-81.83566667,308.00,,,,,,
1063,2016-04-03T19:57:34Z,28.45423333,-81.83585000,304.00,,,,,,
1064,2016-04-03T19:57:36Z,28.45393333,-81.83586667,302.00,,,,,,
1065,2016-04-03T19:57:38Z,28.45371667,-81.83570000,303.00,,,,,,
1066,2016-04-03T19:57:40Z,28.45360000,-81.83550000,303.00,,,,,,
1067,2016-04-03T19:57:42Z,28.45361667,-81.83530000,304.00,,,,,,
1068,2016-04-03T19:57:44Z,28.45368333,-81.83511667,303.00,,,,,,
1069,2016-04-03T19:57:46Z,28.45373333,-81.83493333,302.00,,,,,,
1070,2016-04-03T19:57:48Z,28.45373333,-81.83473333,299.00,,,,,,
1071,2016-04-03T19:57:50Z,28.45363333,-81.83451667,292.00,,,,,,
1072,2016-04-03T19:57:52Z,28.45345000,-81.83435000,288.00,,,,,,
1073,2016-04-03T19:57:54Z,28.45318333,-81.83425000,283.00,,,,,,
1074,2016-04-03T19:57:56Z,28.45288333,-81.83423333,281.00,,,,,,
1075,2016-04-03T19:57:58Z,28.45260000,-81.83428333,276.00,,,,,,
1076,2016-04-03T19:58:01Z,28.45228333,-81.83438333,273.00,,,,,,
1077,2016-04-03T19:58:03Z,28.45196667,-81.83443333,276.00,,,,,,
1078,2016-04-03T19:58:05Z,28.45166667,-81.83443333,270.00,,,,,,
1079,2016-04-03T19:58:07Z,28.45143333,-81.83430000,263.00,,,,,,
1080,2016-04-03T19:58:09Z,28.45136667,-81.83406667,259.00,,,,,,
1081,2016-04-03T19:58:11Z,28.45143333,-81.83390000,253.00,,,,,,
1082,2016-04-03T19:58:13Z,28.45160000,-81.83390000,248.00,,,,,,
1083,2016-04-03T19:58:15Z,28.45173333,-81.83408333,244.00,,,,,,
1084,2016-04-03T19:58:17Z,28.45171667,-81.83440000,245.00,,,,,,
1085,2016-04-03T19:58:19Z,28.45151667,-81.83463333,244.00,,,,,,
1086,2016-04-03T19:58:21Z,28.45123333,-81.83463333,241.00,,,,,,
1087,2016-04-03T19:58:23Z,28.45105000,-81.83446667,238.00,,,,,,
1088,2016-04-03T19:58:25Z,28.45098333,-81.83425000,234.00,,,,,,
1089,2016-04-03T19:58:27Z,28.45098333,-81.83403333,226.00,,,,,,
1090,2016-04-03T19:58:29Z,28.45100000,-81.83378333,226.00,,,,,,
1091,2016-04-03T19:58:31Z,28.45101667,-81.83355000,224.00,,,,,,
1092,2016-04-03T19:58:33Z,28.45103333,-81.83333333,222.00,,,,,,
1093,2016-04-03T19:58:35Z,28.45095000,-81.83311667,219.00,,,,,,
1094,2016-04-03T19:58:37Z,28.45080000,-81.83291667,215.00,,,,,,
1095,2016-04-03T19:58:39Z,28.45055000,-81.83280000,215.00,,,,,,
1096,2016-04-03T19:58:41Z,28.45028333,-81.83273333,215.00,,,,,,
1097,2016-04-03T19:58:43Z,28.45001667,-81.83271667,214.00,,,,,,
1098,2016-04-03T19:58:45Z,28.44975000,-81.83266667,211.00,,,,,,
1099,2016-04-03T19:58:47Z,28.44953333,-81.83250000,211.00,,,,,,
1100,2016-04-03T19:58:49Z,28.44945000,-81.83226667,206.00,,,,,,
1101,2016-04-03T19:58:51Z,28.44953333,-81.83200000,201.00,,,,,,
1102,2016-04-03T19:58:53Z,28.44978333,-81.83190000,201.00,,,,,,
1103,2016-04-03T19:58:55Z,28.45000000,-81.83200000,202.00,,,,,,
1104,2016-04-03T19:58:57Z,28.45008333,-81.83221667,198.00,,,,,,
1105,2016-04-03T19:58:59Z,28.45001667,-81.83250000,197.00,,,,,,
1106,2016-04-03T19:59:01Z,28.44980000,-81.83268333,197.00,,,,,,
1107,2016-04-03T19:59:03Z,28.44951667,-81.83270000,196.00,,,,,,
1108,2016-04-03T19:59:05Z,28.44925000,-81.83255000,194.00,,,,,,
1109,2016-04-03T19:59:07Z,28.44911667,-81.83228333,197.00,,,,,,
1110,2016-04-03T19:59:09Z,28.44910000,-81.83200000,195.00,,,,,,
1111,2016-04-03T19:59:11Z,28.44921667,-81.83178333,195.00,,,,,,
1112,2016-04-03T19:59:13Z,28.44941667,-81.83170000,190.00,,,,,,
1113,2016-04-03T19:59:15Z,28.44961667,-81.83175000,189.00,,,,,,
1114,2016-04-03T19:59:17Z,28.44973333,-81.83195000,186.00,,,,,,
1115,2016-04-03T19:59:19Z,28.44971667,-81.83220000,186.00,,,,,,
1116,2016-04-03T19:59:21Z,28.44953333,-81.83245000,188.00,,,,,,
1117,2016-04-03T19:59:23Z,28.44928333,-81.83253333,184.00,,,,,,
1118,2016-04-03T19:59:25Z,28.44903333,-81.83241667,181.00,,,,,,
1119,2016-04-03T19:59:27Z,28.44890000,-81.83216667,182.00,,,,,,
1120,2016-04-03T19:59:29Z,28.44895000,-81.83190000,180.00,,,,,,
1121,2016-04-03T19:59:31Z,28.44913333,-81.83183333,176.00,,,,,,
1122,2016-04-03T19:59:33Z,28.44931667,-81.83198333,175.00,,,,,,
1123,2016-04-03T19:59:35Z,28.44933333,-81.83225000,179.00,,,,,,
1124,2016-04-03T19:59:37Z,28.44920000,-81.83248333,178.00,,,,,,
1125,2016-04-03T19:59:39Z,28.44895000,-81.83258333,174.00,,,,,,
1126,2016-04-03T19:59:41Z,28.44865000,-81.83250000,175.00,,,,,,
1127,2016-04-03T19:59:43Z,28.44846667,-81.83226667,175.00,,,,,,
1128,2016-04-03T19:59:45Z,28.44845000,-81.83203333,172.00,,,,,,
1129,2016-04-03T19:59:47Z,28.44861667,-81.83188333,171.00,,,,,,
1130,2016-04-03T19:59:49Z,28.44881667,-81.83193333,167.00,,,,,,
1131,2016-04-03T19:59:51Z,28.44893333,-81.83215000,169.00,,,,,,
1132,2016-04-03T19:59:53Z,28.44888333,-81.83241667,169.00,,,,,,
1133,2016-04-03T19:59:55Z,28.44866667,-81.83260000,164.00,,,,,,
1134,2016-04-03T19:59:57Z,28.44836667,-81.83260000,164.00,,,,,,
1135,2016-04-03T19:59:59Z,28.44811667,-81.83243333,166.00,,,,,,
1136,2016-04-03T20:00:01Z,28.44801667,-81.83216667,160.00,,,,,,
1137,2016-04-03T20:00:03Z,28.44810000,-81.83193333,157.00,,,,,,
1138,2016-04-03T20:00:05Z,28.44831667,-81.83186667,157.00,,,,,,
1139,2016-04-03T20:00:07Z,28.44846667,-81.83200000,154.00,,,,,,
1140,2016-04-03T20:00:09Z,28.44848333,-81.83223333,148.00,,,,,,
1141,2016-04-03T20:00:11Z,28.44831667,-81.83250000,141.00,,,,,,
1142,2016-04-03T20:00:13Z,28.44801667,-81.83263333,143.00,,,,,,
1143,2016-04-03T20:00:15Z,28.44771667,-81.83256667,141.00,,,,,,
1144,2016-04-03T20:00:17Z,28.44751667,-81.83233333,144.00,,,,,,
1145,2016-04-03T20:00:19Z,28.44748333,-81.83203333,143.00,,,,,,
1146,2016-04-03T20:00:21Z,28.44761667,-81.83183333,141.00,,,,,,
1147,2016-04-03T20:00:23Z,28.44781667,-81.83183333,141.00,,,,,,
1148,2016-04-03T20:00:25Z,28.44793333,-81.83198333,136.00,,,,,,
1149,2016-04-03T20:00:27Z,28.44796667,-81.83221667,133.00,,,,,,
1150,2016-04-03T20:00:29Z,28.44798333,-81.83250000,127.00,,,,,,
1151,2016-04-03T20:00:31Z,28.44815000,-81.83271667,133.00,,,,,,
1152,2016-04-03T20:00:33Z,28.44836667,-81.83273333,127.00,,,,,,
1153,2016-04-03T20:00:35Z,28.44856667,-81.83258333,127.00,,,,,,
1154,2016-04-03T20:00:37Z,28.44871667,-81.83236667,133.00,,,,,,
1155,2016-04-03T20:00:39Z,28.44881667,-81.83218333,129.00,,,,,,
1156,2016-04-03T20:00:41Z,28.44886667,-81.83196667,128.00,,,,,,
1157,2016-04-03T20:00:43Z,28.44890000,-81.83170000,130.00,,,,,,
1158,2016-04-03T20:00:45Z,28.44890000,-81.83146667,130.00,,,,,,
1159,2016-04-03T20:00:47Z,28.44886667,-81.83123333,130.00,,,,,,
1160,2016-04-03T20:00:49Z,28.44883333,-81.83098333,131.00,,,,,,
1161,2016-04-03T20:00:51Z,28.44881667,-81.83075000,130.00,,,,,,
1162,2016-04-03T20:00:53Z,28.44885000,-81.83055000,126.00,,,,,,
1163,2016-04-03T20:00:55Z,28.44890000,-81.83035000,125.00,,,,,,
1164,2016-04-03T20:00:57Z,28.44896667,-81.83013333,123.00,,,,,,
1165,2016-04-03T20:00:59Z,28.44898333,-81.82990000,120.00,,,,,,
1166,2016-04-03T20:01:01Z,28.44896667,-81.82963333,116.00,,,,,,
1167,2016-04-03T20:01:03Z,28.44888333,-81.82935000,116.00,,,,,,
1168,2016-04-03T20:01:05Z,28.44881667,-81.82910000,116.00,,,,,,
1169,2016-04-03T20:01:07Z,28.44878333,-81.82888333,110.00,,,,,,
1170,2016-04-03T20:01:09Z,28.44885000,-81.82866667,106.00,,,,,,
1171,2016-04-03T20:01:11Z,28.44896667,-81.82845000,105.00,,,,,,
1172,2016-04-03T20:01:13Z,28.44911667,-81.82833333,95.00,,,,,,
1173,2016-04-03T20:01:15Z,28.44930000,-81.82843333,92.00,,,,,,
1174,2016-04-03T20:01:17Z,28.44938333,-81.82870000,89.00,,,,,,
1175,2016-04-03T20:01:19Z,28.44933333,-81.82901667,88.00,,,,,,
1176,2016-04-03T20:01:21Z,28.44921667,-81.82930000,85.00,,,,,,
1177,2016-04-03T20:01:23Z,28.44910000,-81.82960000,80.00,,,,,,
1178,2016-04-03T20:01:25Z,28.44906667,-81.82995000,80.00,,,,,,
1179,2016-04-03T20:01:27Z,28.44908333,-81.83026667,79.00,,,,,,
1180,2016-04-03T20:01:29Z,28.44913333,-81.83056667,77.00,,,,,,
1181,2016-04-03T20:01:31Z,28.44916667,-81.83088333,73.00,,,,,,
1182,2016-04-03T20:01:33Z,28.44920000,-81.83121667,76.00,,,,,,
1183,2016-04-03T20:01:35Z,28.44923333,-81.83153333,80.00,,,,,,
1184,2016-04-03T20:01:37Z,28.44921667,-81.83185000,78.00,,,,,,
1185,2016-04-03T20:01:39Z,28.44923333,-81.83215000,75.00,,,,,,
1186,2016-04-03T20:01:41Z,28.44936667,-81.83240000,76.00,,,,,,
1187,2016-04-03T20:01:43Z,28.44955000,-81.83243333,71.00,,,,,,
1188,2016-04-03T20:01:45Z,28.44970000,-81.83223333,66.00,,,,,,
1189,2016-04-03T20:01:47Z,28.44970000,-81.83193333,69.00,,,,,,
1190,2016-04-03T20:01:49Z,28.44961667,-81.83161667,70.00,,,,,,
1191,2016-04-03T20:01:51Z,28.44956667,-81.83133333,68.00,,,,,,
1192,2016-04-03T20:01:53Z,28.44958333,-81.83110000,63.00,,,,,,
1193,2016-04-03T20:01:55Z,28.44963333,-81.83085000,56.00,,,,,,
1194,2016-04-03T20:01:57Z,28.44970000,-81.83060000,52.00,,,,,,
1195,2016-04-03T20:01:59Z,28.44978333,-81.83035000,46.00,,,,,,
1196,2016-04-03T20:02:01Z,28.44990000,-81.83011667,44.00,,,,,,
1197,2016-04-03T20:02:03Z,28.45008333,-81.83003333,38.00,,,,,,
1198,2016-04-03T20:02:05Z,28.45023333,-81.83018333,33.00,,,,,,
1199,2016-04-03T20:02:07Z,28.45026667,-81.83046667,30.00,,,,,,
1200,2016-04-03T20:02:09Z,28.45020000,-81.83078333,23.00,,,,,,
1201,2016-04-03T20:02:11Z,28.45010000,-81.83110000,16.00,,,,,,
1202,2016-04-03T20:02:13Z,28.45010000,-81.83145000,12.00,,,,,,
1203,2016-04-03T20:02:15Z,28.45025000,-81.83168333,5.00,,,,,,
1204,2016-04-03T20:02:17Z,28.45051667,-81.83176667,3.00,,,,,,
1205,2016-04-03T20:02:19Z,28.45078333,-81.83178333,4.00,,,,,,
1206,2016-04-03T20:02:21Z,28.45100000,-81.83178333,2.00,,,,,,
1207,2016-04-03T20:02:23Z,28.45118333,-81.83178333,3.00,,,,,,
1208,2016-04-03T20:02:25Z,28.45133333,-81.83176667,4.00,,,,,,
1209,2016-04-03T20:02:27Z,28.45140000,-81.83176667,4.00,,,,,,
1210,2016-04-03T20:02:29Z,28.45140000,-81.83176667,4.00,,,,,,
1211,2016-04-03T20:02:31Z,28.45140000,-81.83176667,4.00,,,,,,
1212,2016-04-03T20:02:33Z,28.45140000,-81.83176667,3.00,,,,,,
1213,2016-04-03T20:02:35Z,28.45140000,-81.83176667,4.00,,,,,,
1214,2016-04-03T20:02:37Z,28.45140000,-81.83176667,4.00,,,,,,
1215,2016-04-03T20:02:39Z,28.45140000,-81.83176667,4.00,,,,,,
1216,2016-04-03T20:02:41Z,28.45140000,-81.83176667,4.00,,,,,,
1217,2016-04-03T20:02:43Z,28.45140000,-81.83176667,4.00,,,,,,
1218,2016-04-03T20:02:45Z,28.45140000,-81.83176667,4.00,,,,,,
1219,2016-04-03T20:02:47Z,28.45140000,-81.83176667,4.00,,,,,,
1220,2016-04-03T20:02:49Z,28.45140000,-81.83176667,4.00,,,,,,
1221,2016-04-03T20:02:51Z,28.45140000,-81.83176667,4.00,,,,,,
1222,2016-04-03T20:02:53Z,28.45140000,-81.83176667,4.00,,,,,,
1223,2016-04-03T20:02:55Z,28.45140000,-81.83176667,4.00,,,,,,
1224,2016-04-03T20:02:57Z,28.45140000,-81.83176667,4.00,,,,,,
1225,2016-04-03T20:02:59Z,28.45140000,-81.83176667,4.00,,,,,,
1226,2016-04-03T20:03:01Z,28.45140000,-81.83176667,4.00,,,,,,
1227,2016-04-03T20:03:03Z,28.45140000,-81.83176667,4.00,,,,,,
1228,2016-04-03T20:03:05Z,28.45140000,-81.83176667,4.00,,,,,,
1229,2016-04-03T20:03:07Z,28.45140000,-81.83176667,4.00,,,,,,
1230,2016-04-03T20:03:09Z,28.45140000,-81.83176667,4.00,,,,,,
1231,2016-04-03T20:03:11Z,28.45171667,-81.83153333,4.00,,,,,,
1232,2016-04-03T20:03:13Z,28.45173333,-81.83151667,4.00,,,,,,
1233,2016-04-03T20:03:15Z,28.45173333,-81.83151667,4.00,,,,,,
1234,2016-04-03T20:03:17Z,28.45173333,-81.83151667,4.00,,,,,,
1235,2016-04-03T20:03:19Z,28.45173333,-81.83151667,4.00,,,,,,
1236,2016-04-03T20:03:21Z,28.45173333,-81.83151667,4.00,,,,,,
1237,2016-04-03T20:03:23Z,28.45173333,-81.83151667,4.00,,,,,,
1238,2016-04-03T20:03:25Z,28.45173333,-81.83151667,4.00,,,,,,
1239,2016-04-03T20:03:27Z,28.45173333,-81.83151667,4.00,,,,,,
1240,2016-04-03T20:03:29Z,28.45173333,-81.83151667,4.00,,,,,,
1241,2016-04-03T20:03:31Z,28.45173333,-81.83151667,4.00,,,,,,
1242,2016-04-03T20:03:33Z,28.45173333,-81.83151667,4.00,,,,,,
1243,2016-04-03T20:03:35Z,28.45173333,-81.83151667,4.00,,,,,,
1244,2016-04-03T20:03:37Z,28.45173333,-81.83151667,4.00,,,,,,
1245,2016-04-03T20:03:39Z,28.45173333,-81.83151667,4.00,,,,,,
1246,2016-04-03T20:03:41Z,28.45173333,-81.83151667,4.00,,,,,,
1247,2016-04-03T20:03:43Z,28.45203333,-81.83126667,4.00,,,,,,
1248,2016-04-03T20:03:45Z,28.45203333,-81.83125000,4.00,,,,,,
1249,2016-04-03T20:03:47Z,28.45203333,-81.83125000,4.00,,,,,,
1250,2016-04-03T20:03:49Z,28.45203333,-81.83125000,4.00,,,,,,
1251,2016-04-03T20:03:51Z,28.45203333,-81.83125000,4.00,,,,,,
1252,2016-04-03T20:03:53Z,28.45203333,-81.83125000,4.00,,,,,,
1253,2016-04-03T20:03:55Z,28.45203333,-81.83125000,4.00,,,,,,
1254,2016-04-03T20:03:57Z,28.45203333,-81.83125000,4.00,,,,,,
1255,2016-04-03T20:03:59Z,28.45203333,-81.83125000,4.00,,,,,,
1256,2016-04-03T20:04:01Z,28.45203333,-81.83125000,4.00,,,,,,
1257,2016-04-03T20:04:03Z,28.45203333,-81.83125000,4.00,,,,,,
1258,2016-04-03T20:04:05Z,28.45203333,-81.83125000,4.00,,,,,,
1259,2016-04-03T20:04:07Z,28.45203333,-81.83125000,4.00,,,,,,
1260,2016-04-03T20:04:09Z,28.45203333,-81.83125000,4.00,,,,,,
1261,2016-04-03T20:04:11Z,28.45203333,-81.83125000,4.00,,,,,,
