fixIdx,legIdx,tickLead,togo,area
1366,2,9.37136280097,36.214,46.878302539754394
1367,2,10.37136280097,36.195,14.268620172052058
1368,2,11.37136280097,36.184,9.053526549887776
1369,2,12.37136280097,36.175,8.056614968238799
1370,2,13.37136280097,36.168,6.771271493771974
1371,2,14.37136280097,36.165,3.118571356447807
1372,2,15.37136280097,36.164,1.111795300028768
1388,2,34.37136280097,36.156,19.885895662135844
1389,2,40.37136280097,36.06,279.88400025933544
1390,2,41.37136280097,36.05,29.832889715794728
1391,2,42.37136280097,36.043,21.382750608865884
1392,2,43.37136280097,36.039,12.505178293671147
1393,2,44.37136280097,36.038,3.198154716620785
1394,2,45.37136280097,36.037,3.270140973872291
1409,2,73.37136280097,35.98,301.18716978574645
1410,2,74.37136280097,35.971,48.15984532403515
1411,2,75.37136280097,35.966,27.10994862904224
1412,2,76.37136280097,35.964,10.986784252560971
1425,2,102.37136280097,35.902,456.1352622613621
1426,2,109.37136280097,35.81,721.5780035648411
1427,2,110.37136280097,35.807,23.713397669152105
1439,2,127.37136280097,35.802,45.60467959409664
1440,2,130.37136280097,35.749,494.39467312790134
1441,2,131.37136280097,35.732,159.6394585344226
1442,2,142.37136280097,35.565,1695.1587259546825
1443,2,156.37136280097,35.322,2693.581321153928
1444,2,158.37136280097,35.287,391.38552446052046
1445,2,160.37136280097,35.248,441.159968931507
1446,2,161.37136280097,35.23,204.71635633476947
1447,2,168.37136280097,35.096,1586.6785176857
1448,2,173.37136280097,34.995,1227.3289911983504
1449,2,178.37136280097,34.899,1196.8404510346124
1450,2,183.37136280097,34.805,1201.4814424318236
1451,2,188.37136280097,34.74,851.518617689545
1463,2,210.37136280097,34.72,292.2478972031532
1464,2,211.37136280097,34.703,249.45858003537953
1465,2,212.37136280097,34.685,265.24843419661676
1466,2,213.37136280097,34.667,266.35915355352176
1467,2,214.37136280097,34.654,193.18568412941067
1468,2,215.37136280097,34.638,238.77619953935675
1469,2,216.37136280097,34.628,149.87178815769005
1470,2,217.37136280097,34.618,150.52097388512973
1471,2,218.37136280097,34.611,105.82341752751408
1472,2,219.37136280097,34.606,75.92113809490465
1473,2,220.37136280097,34.605,15.25212239089076
1495,2,242.37136280097,34.601,67.09421013597853
1496,2,243.37136280097,34.584,286.24001150147797
1497,2,244.37136280097,34.567,287.2749098538988
1498,2,245.37136280097,34.553,237.4409603552918
1499,2,246.37136280097,34.542,187.2533224399897
1500,2,247.37136280097,34.536,102.52751399739633
1501,2,248.37136280097,34.531,85.77132457291685
1502,2,249.37136280097,34.53,17.22183568635765
1524,2,271.37136280097,34.513,318.5169810318018
1525,2,272.37136280097,34.496,319.53328138396944
1526,2,273.37136280097,34.477,358.2496171230577
1527,2,274.37136280097,34.457,378.2703104663661
1528,2,275.37136280097,34.438,360.4624907632525
1529,2,276.37136280097,34.421,323.5211464089613
1530,2,277.37136280097,34.404,324.53142876112685
1531,2,278.37136280097,34.39,268.1039134554746
1532,2,279.37136280097,34.377,249.74989657450993
1533,2,280.37136280097,34.369,154.19527765697538
1534,2,281.37136280097,34.362,135.37254595667363
1535,2,282.37136280097,34.359,58.21452726913859
1536,2,283.37136280097,34.358,19.472429937687235
1553,2,300.37136280097,34.35,165.10332476254086
1554,2,301.37136280097,34.331,393.2712448021009
1555,2,302.37136280097,34.317,290.60065038991405
1556,2,303.37136280097,34.296,437.11960563313863
1557,2,304.37136280097,34.277,396.56149176563304
1558,2,305.37136280097,34.262,313.9477175252472
1559,2,306.37136280097,34.243,398.771433964894
1560,2,307.37136280097,34.228,315.69036873519025
1561,2,308.37136280097,34.214,295.47773937959704
1562,2,309.37136280097,34.202,253.9914138887036
1563,2,310.37136280097,34.19,254.72301893621693
1564,2,311.37136280097,34.177,276.73783748794096
1565,2,312.37136280097,34.165,256.17700411853644
1566,2,313.37136280097,34.155,214.0953150655801
1567,2,314.37136280097,34.141,300.5842923140329
1568,2,315.37136280097,34.127,301.41681073966214
1569,2,316.37136280097,34.114,280.66347619582587
1570,2,317.37136280097,34.098,346.3765663900381
1571,2,318.37136280097,34.083,325.6031683070064
1572,2,319.37136280097,34.062,457.03479187953144
1573,2,320.37136280097,34.041,458.183269337541
1574,2,321.37136280097,34.023,393.72876787819354
1575,2,322.37136280097,34.0,504.3593458717099
1576,2,323.37136280097,33.979,461.63169930880747
1577,2,328.37136280097,33.886,2072.4977958932886
1578,2,333.37136280097,33.782,2346.0916313138105
1579,2,338.37136280097,33.684,2237.1991115475403
1580,2,346.37136280097,33.516,3910.3941374778137
1581,2,351.37136280097,33.411,2469.204275808881
1582,2,356.37136280097,33.297,2710.101579148993
1583,2,361.37136280097,33.188,2618.809481084523
1584,2,366.37136280097,33.079,2646.3380897618176
1585,2,371.37136280097,32.966,2771.5760471494664
1586,2,376.37136280097,32.855,2749.818481272518
1587,2,381.37136280097,32.756,2477.1934919886257
1588,2,386.37136280097,32.66,2426.387430622964
1589,2,391.37136280097,32.554,2705.4265576923212
1590,2,396.37136280097,32.453,2602.458231341845
1591,2,401.37136280097,32.354,2575.1557169953016
1592,2,406.37136280097,32.258,2520.6207833563512
1593,2,411.37136280097,32.155,2729.2593499862255
1594,2,416.37136280097,32.052,2753.5974774103147
1595,2,421.37136280097,31.949,2777.7234248343084
1596,2,426.37136280097,31.842,2910.2561496748026
1597,2,431.37136280097,31.74,2797.6003069403587
1598,2,436.37136280097,31.63,3041.813858676706
1599,2,441.37136280097,31.529,2815.533964217768
1600,2,446.37136280097,31.424,2950.543722253006
1601,2,451.37136280097,31.317,3030.1855020640164
1602,2,456.37136280097,31.212,2996.326719181107
1603,2,461.37136280097,31.108,2990.276986294648
1604,2,466.37136280097,31.005,2983.6756191386794
1605,2,471.37136280097,30.892,3296.941476491942
1606,2,476.37136280097,30.792,2938.4491143014407
1607,2,481.37136280097,30.7,2723.244881404935
1608,2,486.37136280097,30.596,3100.512381641795
1609,2,491.37136280097,30.497,2971.9157160923723
1610,2,496.37136280097,30.398,2992.426879638748
1611,2,501.37136280097,30.286,3407.6246153839243
1612,2,506.37136280097,30.175,3398.344805260369
1613,2,511.37136280097,30.075,3081.0124608758883
1614,2,516.37136280097,29.965,3410.3230284827087
1615,2,521.37136280097,29.854,3461.8584042044463
1616,2,526.37136280097,29.737,3669.938518038722
1617,2,531.37136280097,29.632,3312.4335760036342
1618,2,536.37136280097,29.533,3141.706756331826
1619,2,541.37136280097,29.455,2490.8842880145767
1620,2,546.37136280097,29.411,1415.158652276145
1621,2,551.37136280097,29.403,259.42684265429665
1633,2,579.37136280097,29.402,34.06993298943164
1634,2,582.37136280097,29.354,1642.4549660512844
1635,2,583.37136280097,29.346,273.9511919713053
1636,2,584.37136280097,29.339,240.05683398187418
1637,2,585.37136280097,29.337,68.69450016738136
1638,2,586.37136280097,29.336,34.40416696966336
1639,2,587.37136280097,29.335,34.4616652268154
1654,2,606.37136280097,29.333,71.14919022570157
1655,2,607.37136280097,29.312,748.0051650006225
1656,2,608.37136280097,29.297,534.8405580360511
1657,2,609.37136280097,29.285,428.37831810729335
1658,2,610.37136280097,29.277,285.95654198677175
1659,2,611.37136280097,29.267,357.92125063825586
1660,2,612.37136280097,29.259,286.717171034285
1661,2,613.37136280097,29.256,107.67427588290036
1677,2,629.37136280097,29.234,809.8624822249757
1678,2,630.37136280097,29.218,589.5434703751428
1679,2,631.37136280097,29.205,479.52591867603576
1680,2,632.37136280097,29.193,443.15067413809817
1681,2,633.37136280097,29.187,221.8573209619322
1682,2,634.37136280097,29.18,259.1844733282832
1683,2,635.37136280097,29.178,74.15800398063692
1698,2,650.37136280097,29.174,151.8018790486995
1699,2,651.37136280097,29.15,911.7740007361251
1700,2,652.37136280097,29.128,836.4157621888701
1701,2,653.37136280097,29.114,532.7511687715324
1702,2,654.37136280097,29.106,304.78000593814625
1703,2,655.37136280097,29.1,228.87927325916826
1704,2,656.37136280097,29.097,114.5965326027885
1718,2,670.37136280097,29.093,156.03563840560588
1719,2,671.37136280097,29.073,781.0197337736078
1720,2,672.37136280097,29.056,664.4326741203579
1721,2,673.37136280097,29.041,586.8128409697416
1722,2,674.37136280097,29.027,548.2315481317486
1723,2,675.37136280097,29.015,470.3988556763447
1724,2,676.37136280097,29.007,313.9553536994685
1725,2,677.37136280097,29.004,117.88497038234568
1742,2,694.37136280097,28.991,523.5108734134169
1743,2,695.37136280097,28.969,886.681932134711
1744,2,696.37136280097,28.95,766.329526279395
1745,2,697.37136280097,28.933,686.2210920811235
1746,2,698.37136280097,28.916,686.8014444334245
1747,2,699.37136280097,28.901,606.5333112459782
1748,2,700.37136280097,28.886,607.0853991327178
1749,2,701.37136280097,28.87,648.1344708788538
1750,2,702.37136280097,28.858,486.5579283813112
1751,2,703.37136280097,28.847,446.46848939469857
1752,2,704.37136280097,28.835,487.55458738904514
1753,2,705.37136280097,28.827,325.38498817460044
1754,2,706.37136280097,28.817,407.1807083730548
1755,2,707.37136280097,28.81,285.34582666897956
1756,2,708.37136280097,28.806,163.25409775647228
1757,2,709.37136280097,28.802,163.4618618730077
1758,2,710.37136280097,28.797,204.58340062982467
1759,2,711.37136280097,28.791,245.7987242459029
1760,2,712.37136280097,28.783,328.1125507351883
1761,2,713.37136280097,28.775,328.48183120089556
1762,2,714.37136280097,28.761,575.4289902216057
1763,2,715.37136280097,28.746,617.0829144089541
1764,2,716.37136280097,28.732,576.4583046750113
1765,2,717.37136280097,28.715,700.5841555400423
1766,2,718.37136280097,28.7,618.6793769282889
1767,2,719.37136280097,28.685,619.2168848150284
1768,2,720.37136280097,28.669,661.0588662733165
1769,2,721.37136280097,28.658,454.89461726817154
1770,2,722.37136280097,28.646,496.73722288738026
1771,2,723.37136280097,28.638,331.5008411734896
1772,2,724.37136280097,28.632,248.90848768567875
1773,2,725.37136280097,28.629,124.60646881604376
1796,2,748.37136280097,28.623,257.07454357849656
1797,2,749.37136280097,28.605,771.9304383067597
1798,2,750.37136280097,28.588,729.5718189954667
1799,2,751.37136280097,28.571,730.1098073477679
1800,2,752.37136280097,28.554,730.6466397002215
1801,2,753.37136280097,28.544,430.1599807320123
1802,2,754.37136280097,28.532,516.6779988387576
1803,2,755.37136280097,28.524,344.7877478077392
1804,2,756.37136280097,28.518,258.8696116613674
1805,2,757.37136280097,28.514,172.77761425311738
1806,2,758.37136280097,28.512,86.4937706701283
1834,2,786.37136280097,28.509,134.51904443482744
1835,2,787.37136280097,28.493,718.1078787581746
1836,2,788.37136280097,28.476,763.5163788459196
1837,2,789.37136280097,28.458,808.9572450548183
1838,2,790.37136280097,28.438,899.3793811584605
1839,2,791.37136280097,28.416,989.8378041350306
1840,2,792.37136280097,28.395,945.3235993338399
1841,2,793.37136280097,28.376,855.7692271138293
1842,2,794.37136280097,28.356,901.3255230884735
1843,2,795.37136280097,28.339,766.5908500381528
1844,2,796.37136280097,28.321,812.2032254933238
1845,2,797.37136280097,28.308,587.0064577528054
1846,2,798.37136280097,28.298,451.9260936271877
1847,2,799.37136280097,28.291,316.6493823467135
1848,2,800.37136280097,28.287,181.13364385827362
1866,2,818.37136280097,28.281,277.76178750556215
1867,2,819.37136280097,28.265,741.3147692950167
1868,2,820.37136280097,28.247,834.4948761829831
1869,2,821.37136280097,28.226,974.0914044006797
1870,2,822.37136280097,28.21,742.5816036964869
1871,2,823.37136280097,28.189,975.183751302887
1872,2,824.37136280097,28.174,696.9606468232924
1873,2,825.37136280097,28.16,650.9505849283875
1874,2,826.37136280097,28.148,558.3758243591853
1875,2,827.37136280097,28.141,326.0033464849941
1876,2,828.37136280097,28.137,186.47633422274862
1877,2,829.37136280097,28.136,46.67121469895602
1904,2,856.37136280097,28.118,867.1376635741367
1905,2,857.37136280097,28.102,771.2226882666436
1906,2,858.37136280097,28.079,1109.1557152709747
1907,2,859.37136280097,28.061,868.4119495376691
1908,2,860.37136280097,28.04,1013.62157031448
1909,2,861.37136280097,28.021,917.4974594296389
1910,2,862.37136280097,28.004,821.3440452156879
1911,2,863.37136280097,27.987,821.7974415681606
1912,2,864.37136280097,27.973,677.1831004727603
1913,2,865.37136280097,27.962,532.4500189609577
1914,2,866.37136280097,27.95,581.2866676431561
1915,2,867.37136280097,27.943,339.3599130671404
1916,2,868.37136280097,27.939,194.10531398424004
1917,2,869.37136280097,27.938,48.57786363928917
1933,2,885.37136280097,27.933,247.33291705521577
1934,2,886.37136280097,27.917,792.0614497988596
1935,2,887.37136280097,27.899,891.5313597498148
1936,2,888.37136280097,27.88,941.4968586679252
1937,2,889.37136280097,27.862,892.3560930945639
1938,2,890.37136280097,27.842,991.9449278692834
1939,2,891.37136280097,27.821,1041.9444875192614
1940,2,892.37136280097,27.805,794.2247908347571
1941,2,893.37136280097,27.786,943.6047411598239
1942,2,894.37136280097,27.771,745.3288470470306
1943,2,895.37136280097,27.755,795.4622446542757
1944,2,896.37136280097,27.738,845.619712610515
1945,2,897.37136280097,27.724,696.780147331311
1946,2,898.37136280097,27.704,995.8985579466221
1947,2,899.37136280097,27.687,846.8903456674182
1948,2,900.37136280097,27.663,1196.053318344854
1949,2,901.37136280097,27.641,1096.6877206636873
1950,2,902.37136280097,27.623,897.6357178888474
1951,2,907.37136280097,27.522,5053.736373967741
1952,2,912.37136280097,27.424,4912.853376245234
1953,2,917.37136280097,27.329,4771.739251606887
1954,2,922.37136280097,27.234,4781.098123508329
1955,2,927.37136280097,27.145,4488.227933060212
1956,2,932.37136280097,27.05,4800.337270664807
1957,2,937.37136280097,26.951,5011.280105298913
1958,2,942.37136280097,26.847,5272.560235900484
1959,2,947.37136280097,26.752,4823.924979103196
1960,2,952.37136280097,26.654,4984.509810171311
1961,2,957.37136280097,26.578,3873.1722212312397
1962,2,962.37136280097,26.55,1431.6082413608513
1975,2,982.37136280097,26.545,260.79503753953566
1976,2,983.37136280097,26.539,313.20771253757204
1977,2,984.37136280097,26.534,261.21770668981304
1978,2,985.37136280097,26.532,104.5794334767346
1979,2,986.37136280097,26.527,261.6793906942313
1980,2,987.37136280097,26.522,261.8953171262773
1981,2,988.37136280097,26.52,104.85038765131999
1982,2,989.37136280097,26.511,472.20617466630205
1983,2,990.37136280097,26.505,315.03316902154927
1984,2,991.37136280097,26.495,525.4268222844096
1985,2,992.37136280097,26.485,525.7583480120361
1986,2,993.37136280097,26.475,526.089473739289
1987,2,994.37136280097,26.462,684.3074788238226
1988,2,995.37136280097,26.447,789.9615515165777
1989,2,996.37136280097,26.431,842.9779987549423
1990,2,997.37136280097,26.414,896.0035243426651
1991,2,998.37136280097,26.4,738.1917921697388
1992,2,999.37136280097,26.381,1002.208578099875
1993,2,1000.37136280097,26.363,949.7445688723745
1994,2,1001.37136280097,26.346,897.2818137518691
1995,2,1002.37136280097,26.334,633.6590807082852
1996,2,1003.37136280097,26.32,739.6412203168774
1997,2,1004.37136280097,26.31,528.6006482422331
1998,2,1005.37136280097,26.303,370.26922457722077
1999,2,1006.37136280097,26.3,158.8144583922643
2000,2,1007.37136280097,26.296,211.93481679159007
2015,2,1022.37136280097,26.291,268.81721427801955
2016,2,1023.37136280097,26.273,968.2648616569
2017,2,1024.37136280097,26.261,645.7719020806584
2018,2,1025.37136280097,26.253,430.77081396899365
2019,2,1026.37136280097,26.243,538.8039106160815
2020,2,1027.37136280097,26.24,161.75859370165605
2021,2,1028.37136280097,26.238,107.93374475407879
2022,2,1029.37136280097,26.237,54.01626226304691
2049,2,1056.37136280097,26.231,332.55415598046346
2050,2,1057.37136280097,26.214,942.715299075814
2051,2,1058.37136280097,26.196,998.4463762390199
2052,2,1059.37136280097,26.179,943.2377771540808
2053,2,1060.37136280097,26.161,998.9970683218905
2054,2,1061.37136280097,26.145,888.25744804278
2055,2,1062.37136280097,26.131,777.5113550649328
2056,2,1063.37136280097,26.116,833.3694538839658
2057,2,1064.37136280097,26.104,666.9776707856252
2058,2,1065.37136280097,26.096,444.89908110563607
2072,2,1079.37136280097,26.095,56.333470796014275
2073,2,1080.37136280097,26.074,1183.5997661450845
2074,2,1081.37136280097,26.056,1014.6940045707007
2075,2,1082.37136280097,26.037,1071.295456645535
2076,2,1083.37136280097,26.018,1071.5030295213924
2077,2,1084.37136280097,25.998,1128.0932161490812
2078,2,1085.37136280097,25.98,1015.4777885220773
2079,2,1086.37136280097,25.968,677.2178346574432
2080,2,1087.37136280097,25.96,451.7201610201804
2081,2,1088.37136280097,25.959,56.50715278533262
2097,2,1104.37136280097,25.95,515.9413176447396
2098,2,1105.37136280097,25.93,1146.933326042262
2099,2,1106.37136280097,25.912,1032.417075425941
2100,2,1107.37136280097,25.9,688.5015005933524
2101,2,1108.37136280097,25.891,516.6329512574449
2102,2,1109.37136280097,25.889,114.88649833160478
2121,2,1128.37136280097,25.878,642.5364037192511
2122,2,1129.37136280097,25.863,876.5220552403081
2123,2,1130.37136280097,25.847,935.2240507269075
2124,2,1131.37136280097,25.831,935.4721485893612
2125,2,1132.37136280097,25.817,818.7860260431847
2126,2,1133.37136280097,25.806,643.5883284805743
2127,2,1134.37136280097,25.8,351.24221129225447
2147,2,1154.37136280097,25.791,535.9965568044039
2148,2,1155.37136280097,25.774,1012.8043134881121
2149,2,1156.37136280097,25.755,1132.146539121766
2150,2,1157.37136280097,25.741,834.3999397831435
2151,2,1158.37136280097,25.725,953.8678489265305
2152,2,1159.37136280097,25.717,477.1230531618193
2153,2,1160.37136280097,25.713,238.71159675528324
2173,2,1180.37136280097,25.698,910.2610819944446
2174,2,1181.37136280097,25.68,1092.5369618038296
2175,2,1182.37136280097,25.663,1032.0103789649006
2176,2,1183.37136280097,25.645,1092.8955218867004
2177,2,1184.37136280097,25.629,971.639316100004
2178,2,1185.37136280097,25.619,607.4791160083361
2179,2,1186.37136280097,25.607,729.2767131701376
2180,2,1187.37136280097,25.604,182.41942458120835
2198,2,1205.37136280097,25.588,987.2859328720074
2199,2,1206.37136280097,25.571,1049.1847933420588
2200,2,1207.37136280097,25.55,1296.1626601927653
2201,2,1208.37136280097,25.526,1481.2506174341925
2202,2,1209.37136280097,25.51,987.5436299504562
2203,2,1210.37136280097,25.49,1234.5787900571825
2204,2,1211.37136280097,25.47,1234.6296929667224
2205,2,1212.37136280097,25.451,1172.968081138474
2206,2,1213.37136280097,25.441,617.5089539567662
2207,2,1214.37136280097,25.427,864.816994761396
2208,2,1215.37136280097,25.414,803.2790409300176
2209,2,1216.37136280097,25.408,370.91055240163945
2210,2,1217.37136280097,25.405,185.5748731740241
2235,2,1242.37136280097,25.389,1009.6801760339125
2236,2,1243.37136280097,25.37,1199.1334530837703
2237,2,1244.37136280097,25.352,1136.1060767518775
2238,2,1245.37136280097,25.33,1388.59405100866
2239,2,1246.37136280097,25.312,1136.1372939892199
2240,2,1247.37136280097,25.297,946.9232594999503
2241,2,1248.37136280097,25.289,505.20091006914333
2242,2,1249.37136280097,25.283,379.09925135743833
2243,2,1250.37136280097,25.273,632.1377461777572
2266,2,1273.37136280097,25.265,514.8291354658267
2267,2,1274.37136280097,25.246,1223.0256662224788
2268,2,1275.37136280097,25.228,1158.7156949881062
2269,2,1276.37136280097,25.21,1158.7971383452398
2270,2,1277.37136280097,25.191,1223.2350870742248
2271,2,1278.37136280097,25.175,1030.183232941225
2272,2,1279.37136280097,25.155,1287.815213795429
2273,2,1280.37136280097,25.136,1223.4319679259706
2274,2,1281.37136280097,25.119,1094.7204032385318
2275,2,1282.37136280097,25.101,1159.2124171176088
2276,2,1283.37136280097,25.085,1030.5164034163581
2277,2,1284.37136280097,25.069,1030.661781278833
2278,2,1285.37136280097,25.048,1352.7980883794717
2279,2,1286.37136280097,25.032,1030.7436455850477
2280,2,1287.37136280097,25.013,1224.1034971760103
2281,2,1288.37136280097,24.995,1159.7197519971603
2282,2,1289.37136280097,24.982,837.7058637832611
2283,2,1290.37136280097,24.965,1095.653033782906
2284,2,1295.37136280097,24.894,4585.6003752305405
2285,2,1300.37136280097,24.812,5300.17323466939
2286,2,1305.37136280097,24.717,6142.105131676234
2287,2,1310.37136280097,24.624,6012.9181073125255
2288,2,1315.37136280097,24.544,5173.934333295737
2289,2,1320.37136280097,24.451,6016.3183276003165
2290,2,1325.37136280097,24.363,5693.307637931519
2291,2,1330.37136280097,24.272,5887.93762191416
2292,2,1335.37136280097,24.198,4789.683296667138
2293,2,1340.37136280097,24.162,2333.532927782065
2294,2,1345.37136280097,24.082,5192.487682157489
2295,2,1350.37136280097,24.0,5324.14158102814
2296,2,1355.37136280097,23.972,1820.5565004559828
2310,2,1372.37136280097,23.968,263.1659325308019
2311,2,1373.37136280097,23.947,1381.9068658208305
2312,2,1374.37136280097,23.933,921.2686119127031
2313,2,1375.37136280097,23.915,1184.5578414114595
2314,2,1376.37136280097,23.903,789.7839099170313
2315,2,1377.37136280097,23.892,724.1461071357454
2316,2,1378.37136280097,23.882,658.5031348644044
2317,2,1379.37136280097,23.873,592.8469148750654
2318,2,1380.37136280097,23.872,65.90583071701286
2339,2,1401.37136280097,23.87,133.80854320561366
2340,2,1402.37136280097,23.855,1003.9225993451824
2341,2,1403.37136280097,23.842,870.1758505898445
2342,2,1404.37136280097,23.834,535.6384727431333
2343,2,1405.37136280097,23.828,401.8968593629342
2344,2,1406.37136280097,23.823,335.07500904407846
2345,2,1407.37136280097,23.822,67.05420858073417
2346,2,1408.37136280097,23.821,67.09903683777024
2362,2,1424.37136280097,23.812,610.6237301187106
2363,2,1425.37136280097,23.795,1153.5801259706816
2364,2,1426.37136280097,23.778,1153.5650023232238
2365,2,1427.37136280097,23.759,1289.2060969958127
2366,2,1428.37136280097,23.745,949.9469450589175
2367,2,1429.37136280097,23.733,814.3643227568043
2368,2,1430.37136280097,23.725,543.0605130864077
2369,2,1431.37136280097,23.717,543.2569615522103
2370,2,1432.37136280097,23.713,271.74949495044945
2384,2,1446.37136280097,23.705,548.6722982505544
2385,2,1447.37136280097,23.689,1097.547493897306
2386,2,1448.37136280097,23.672,1166.1373739314477
2387,2,1449.37136280097,23.656,1097.5335657384317
2388,2,1450.37136280097,23.637,1303.2558443578662
2389,2,1451.37136280097,23.621,1097.4225258120946
2390,2,1452.37136280097,23.605,1097.435039674097
2391,2,1453.37136280097,23.591,960.3064077425194
2392,2,1454.37136280097,23.577,960.3970381683014
2393,2,1455.37136280097,23.575,137.24734099775043
2395,2,1457.37136280097,23.574,68.7136023845428
2412,2,1474.37136280097,23.566,556.0149283396875
2413,2,1475.37136280097,23.551,1042.726087516439
2414,2,1476.37136280097,23.533,1251.242446429976
2415,2,1477.37136280097,23.513,1390.0882626866592
2416,2,1478.37136280097,23.495,1250.9150584059114
2417,2,1479.37136280097,23.477,1250.8025697628163
2418,2,1480.37136280097,23.458,1320.1433683483392
2419,2,1481.37136280097,23.446,833.7869088095852
2420,2,1482.37136280097,23.434,833.9228338573454
2421,2,1483.37136280097,23.422,834.0581829048587
2422,2,1484.37136280097,23.421,69.53240774777082
2423,2,1485.37136280097,23.42,69.57628000479808
2442,2,1504.37136280097,23.418,140.92349178191589
2443,2,1505.37136280097,23.4,1268.6125763451328
2444,2,1506.37136280097,23.382,1268.4791717017874
2445,2,1507.37136280097,23.37,845.6715114440835
2446,2,1508.37136280097,23.364,422.95336361485926
2447,2,1509.37136280097,23.357,493.6353760900711
2467,2,1529.37136280097,23.354,214.31539718339644
2468,2,1530.37136280097,23.336,1286.15470072524
2469,2,1531.37136280097,23.322,1000.3101506379005
2470,2,1532.37136280097,23.306,1143.2225904748123
2471,2,1533.37136280097,23.29,1143.183552337312
2472,2,1534.37136280097,23.274,1143.143490199304
2473,2,1535.37136280097,23.256,1285.9349312003733
2474,2,1536.37136280097,23.238,1285.7769025572782
2475,2,1537.37136280097,23.222,1142.8203762516032
2476,2,1538.37136280097,23.204,1285.5677200092098
2477,2,1539.37136280097,23.184,1428.1671755521975
2478,2,1540.37136280097,23.165,1356.4987735949169
2479,2,1541.37136280097,23.151,999.4621845528095
2480,2,1542.37136280097,23.126,1784.4079889084107
2481,2,1543.37136280097,23.108,1284.4121685793696
2482,2,1544.37136280097,23.089,1355.5611530991478
2483,2,1545.37136280097,23.072,1212.7100871303062
2484,2,1550.37136280097,22.994,5570.713761505537
2485,2,1555.37136280097,22.9,6709.928052492531
2486,2,1560.37136280097,22.793,7628.891208809677
2487,2,1565.37136280097,22.68,8043.580913813249
2488,2,1570.37136280097,22.574,7532.952079132545
2489,2,1575.37136280097,22.47,7379.9468772649125
2490,2,1580.37136280097,22.377,6591.367049200762
2491,2,1585.37136280097,22.285,6514.138734098268
2492,2,1590.37136280097,22.186,7001.815082637086
2493,2,1595.37136280097,22.094,6499.160042923992
2494,2,1600.37136280097,21.988,7478.042463989306
2495,2,1605.37136280097,21.887,7114.002522832085
2496,2,1610.37136280097,21.792,6682.24402179936
2497,2,1615.37136280097,21.711,5692.153532070594
2498,2,1620.37136280097,21.622,6249.184151518549
2499,2,1625.37136280097,21.542,5612.602360315166
2500,2,1630.37136280097,21.46,5748.956806139772
2501,2,1635.37136280097,21.376,5884.432486543132
2502,2,1640.37136280097,21.302,5180.574907599978
2503,2,1645.37136280097,21.223,5527.583959045833
2504,2,1650.37136280097,21.146,5384.1929888294735
2505,2,1655.37136280097,21.067,5520.3771156955145
2506,2,1660.37136280097,21.009,4051.983556750378
2507,2,1665.37136280097,20.978,2167.6423697075707
2508,2,1670.37136280097,20.957,1470.987485080288
2509,2,1675.37136280097,20.936,1473.9129825382977
2510,2,1680.37136280097,20.907,2039.0415890767426
2511,2,1685.37136280097,20.862,3167.8324403776373
2512,2,1690.37136280097,20.808,3803.6398331473806
2513,2,1695.37136280097,20.729,5563.2305834364915
2514,2,1700.37136280097,20.644,5979.704473419045
2515,2,1705.37136280097,20.603,2883.999556659292
2516,2,1707.37136280097,20.601,140.7010592658743
2534,2,1725.37136280097,20.6,71.08702551859709
2535,2,1726.37136280097,20.588,853.2694042925887
2536,2,1727.37136280097,20.575,924.3492362908115
2537,2,1728.37136280097,20.561,995.3759813224833
2538,2,1729.37136280097,20.546,1066.3390291599326
2539,2,1730.37136280097,20.526,1421.3962522591985
2540,2,1731.37136280097,20.506,1420.8325951689578
2541,2,1732.37136280097,20.485,1491.2443251841223
2542,2,1733.37136280097,20.467,1277.7304328897042
2543,2,1734.37136280097,20.451,1135.4721187693165
2544,2,1735.37136280097,20.441,709.6280576766836
2545,2,1736.37136280097,20.431,709.6897034038712
2546,2,1737.37136280097,20.422,638.7914905605965
2547,2,1738.37136280097,20.416,425.94965828441224
2548,2,1739.37136280097,20.41,426.06945154629057
2573,2,1764.37136280097,20.398,864.0055988782166
2574,2,1765.37136280097,20.378,1439.6956537914164
2575,2,1766.37136280097,20.359,1367.1767339219207
2576,2,1767.37136280097,20.34,1366.674694798234
2577,2,1768.37136280097,20.325,1078.6623220245626
2578,2,1769.37136280097,20.313,862.8445612981025
2579,2,1770.37136280097,20.303,719.054032715099
2580,2,1771.37136280097,20.293,719.1059184427942
2581,2,1772.37136280097,20.283,719.1574041699786
2582,2,1773.37136280097,20.273,719.2084898976739
2583,2,1774.37136280097,20.266,503.5186847362239
2584,2,1775.37136280097,20.262,287.8090023662313
2587,2,1778.37136280097,20.261,72.06494273487178
2589,2,1780.37136280097,20.256,360.67653253296277
2590,2,1781.37136280097,20.252,288.63916465746314
2591,2,1782.37136280097,20.25,144.37920987224976
2592,2,1783.37136280097,20.246,288.8776268320488
2593,2,1784.37136280097,20.243,216.74223632535362
2595,2,1786.37136280097,20.242,72.32124462282871
2596,2,1787.37136280097,20.241,72.3581548803601
2616,2,1807.37136280097,20.24,73.16420013763548
2617,2,1808.37136280097,20.223,1243.9262177012265
2618,2,1809.37136280097,20.208,1097.3204035411318
2619,2,1810.37136280097,20.19,1316.4368816595945
2620,2,1811.37136280097,20.173,1242.9104993847247
2621,2,1812.37136280097,20.156,1242.549119736766
2622,2,1813.37136280097,20.14,1169.1457989667174
2623,2,1814.37136280097,20.125,1095.8349438477574
2624,2,1815.37136280097,20.107,1314.648372027805
2625,2,1816.37136280097,20.089,1314.19553938471
2626,2,1817.37136280097,20.072,1240.7866721246064
2627,2,1818.37136280097,20.052,1459.2066512204913
2628,2,1819.37136280097,20.035,1239.8633769502028
2629,2,1820.37136280097,20.018,1239.492681302504
2630,2,1821.37136280097,20.001,1239.120829654805
2631,2,1822.37136280097,19.988,947.3725095517461
2632,2,1823.37136280097,19.97,1311.4489124664706
2633,2,1828.37136280097,19.893,5612.096307920668
2634,2,1833.37136280097,19.825,4951.613377565668
2635,2,1838.37136280097,19.739,6255.065915415644
2636,2,1843.37136280097,19.651,6389.715022304329
2637,2,1848.37136280097,19.583,4931.292139273162
2638,2,1853.37136280097,19.517,4782.810138844106
2639,2,1858.37136280097,19.443,5357.7589738095685
2640,2,1863.37136280097,19.407,2606.1111880135354
2641,2,1868.37136280097,19.391,1159.8251541433624
2656,2,1895.37136280097,19.376,1102.1679243253589
2657,2,1896.37136280097,19.36,1175.3254577514656
2658,2,1897.37136280097,19.344,1174.9737796134505
2659,2,1898.37136280097,19.328,1174.6210774759572
2660,2,1899.37136280097,19.31,1320.9823928863198
2661,2,1900.37136280097,19.292,1320.4464362429642
2662,2,1901.37136280097,19.277,1100.009881378101
2663,2,1902.37136280097,19.261,1173.0174012741118
2664,2,1903.37136280097,19.245,1172.6594831360974
2665,2,1904.37136280097,19.229,1172.3005409986035
2666,2,1905.37136280097,19.215,1025.501353401239
2667,2,1906.37136280097,19.198,1244.9005337076128
2668,2,1911.37136280097,19.11,6443.4316466238715
2669,2,1916.37136280097,19.025,6211.869863235336
2670,2,1921.37136280097,18.965,4379.573884368438
2782,2,2092.37136280097,18.959,476.10654937720193
2783,2,2093.37136280097,18.942,1348.7947563657897
2784,2,2094.37136280097,18.927,1189.676237068694
2785,2,2095.37136280097,18.911,1268.55458601047
2786,2,2096.37136280097,18.901,792.6799397024267
2787,2,2097.37136280097,18.894,554.8910545995535
2788,2,2098.37136280097,18.887,554.9499792057173
2789,2,2099.37136280097,18.884,237.88606723307532
2790,2,2100.37136280097,18.883,79.32472525900118
2809,2,2119.37136280097,18.881,160.07188028954295
2810,2,2120.37136280097,18.865,1280.5685993647098
2811,2,2121.37136280097,18.85,1200.11281422034
2812,2,2122.37136280097,18.834,1279.6710789728113
2813,2,2123.37136280097,18.82,1119.3479541286558
2814,2,2124.37136280097,18.808,959.2301476737351
2816,2,2126.37136280097,18.807,79.98345881185624
2836,2,2146.37136280097,18.799,645.731531755875
2837,2,2147.37136280097,18.783,1291.2401689084347
2838,2,2148.37136280097,18.769,1129.4589798228621
2839,2,2149.37136280097,18.757,967.8877171253805
2840,2,2150.37136280097,18.749,645.214626665921
2841,2,2151.37136280097,18.742,564.5994463392285
2842,2,2152.37136280097,18.735,564.6509509459606
2843,2,2153.37136280097,18.729,484.0434284158716
2844,2,2154.37136280097,18.722,564.7835333576442
2845,2,2155.37136280097,18.713,726.1769426981164
2846,2,2156.37136280097,18.706,564.8248201726634
2847,2,2157.37136280097,18.701,403.50395284139915
2848,2,2158.37136280097,18.696,403.5830692732591
2870,2,2180.37136280097,18.682,1140.9708911830814
2871,2,2181.37136280097,18.665,1384.950496870929
2872,2,2182.37136280097,18.648,1384.32398522323
2873,2,2183.37136280097,18.633,1220.9740166487907
2874,2,2184.37136280097,18.619,1139.2108280988111
2875,2,2185.37136280097,18.609,813.5700509433833
2876,2,2186.37136280097,18.6,732.1742283461795
2877,2,2187.37136280097,18.595,406.7963891971185
2878,2,2188.37136280097,18.592,244.13689760544824
2894,2,2204.37136280097,18.576,1310.9131970012388
2895,2,2205.37136280097,18.559,1392.2399144793942
2896,2,2206.37136280097,18.543,1309.772644842412
2897,2,2207.37136280097,18.526,1391.0258338103315
2898,2,2208.37136280097,18.514,981.5769033378124
2899,2,2209.37136280097,18.505,736.0984663157899
2900,2,2210.37136280097,18.498,572.532600763898
2901,2,2211.37136280097,18.493,409.00419040706265
2902,2,2212.37136280097,18.492,81.82455485300318
2919,2,2229.37136280097,18.485,577.0482541761597
2920,2,2230.37136280097,18.468,1401.1215204828877
2921,2,2231.37136280097,18.45,1482.799823494008
2922,2,2232.37136280097,18.432,1482.017770850913
2923,2,2233.37136280097,18.419,1069.9255851773667
2924,2,2234.37136280097,18.405,1151.898874892907
2925,2,2235.37136280097,18.393,987.0863449002386
2926,2,2236.37136280097,18.386,575.7605164673173
2927,2,2237.37136280097,18.379,575.7987070734706
2928,2,2238.37136280097,18.378,82.27581618257581
2947,2,2257.37136280097,18.365,1078.2537477842875
2948,2,2258.37136280097,18.348,1409.4969933226594
2949,2,2259.37136280097,18.333,1243.1400143835826
2950,2,2260.37136280097,18.321,994.2198231850244
2951,2,2261.37136280097,18.31,911.1992382986164
2952,2,2262.37136280097,18.303,579.8254189434492
2953,2,2263.37136280097,18.296,579.859899550189
2954,2,2264.37136280097,18.294,165.70669632968315
2955,2,2265.37136280097,18.293,82.88314205090039
2971,2,2281.37136280097,18.279,1168.0803887249444
2972,2,2282.37136280097,18.262,1417.8022434578293
2973,2,2283.37136280097,18.246,1333.7811474103542
2974,2,2284.37136280097,18.232,1166.6101800114984
2975,2,2285.37136280097,18.223,749.8189172782127
2976,2,2286.37136280097,18.216,583.1916026235566
2977,2,2287.37136280097,18.213,249.9799541264391
2978,2,2288.37136280097,18.212,83.3539268901272
2997,2,2307.37136280097,18.208,336.13786013295754
2998,2,2308.37136280097,18.19,1512.3618155378936
2999,2,2309.37136280097,18.171,1595.4499903334752
3000,2,2310.37136280097,18.155,1342.8248020015808
3001,2,2311.37136280097,18.136,1593.7575844209498
3002,2,2312.37136280097,18.12,1341.3973780752438
3003,2,2313.37136280097,18.108,1005.7058127786806
3004,2,2314.37136280097,18.096,1005.474009826194
3005,2,2315.37136280097,18.09,502.70416880591443
3006,2,2316.37136280097,18.085,418.9736702465421
3007,2,2317.37136280097,18.082,251.4371102352776
3008,2,2318.37136280097,18.081,83.83926359307394
3048,2,2358.37136280097,18.073,682.116466005575
3049,2,2359.37136280097,18.055,1534.3086347149801
3050,2,2360.37136280097,18.042,1107.6302260791863
3051,2,2361.37136280097,18.031,936.9992408737505
3052,2,2362.37136280097,18.019,1021.9618515477383
3053,2,2363.37136280097,18.012,596.0824350113932
3054,2,2364.37136280097,18.004,681.241592021043
3055,2,2365.37136280097,17.998,510.9485988213825
3095,2,2405.37136280097,17.989,779.0588930980962
3096,2,2406.37136280097,17.985,346.267213621724
3097,2,2407.37136280097,17.981,346.3340737378068
3098,2,2408.37136280097,17.977,346.40086985450483
3116,2,2426.37136280097,17.966,959.321724824641
3117,2,2427.37136280097,17.945,1830.5559932005278
3118,2,2428.37136280097,17.928,1480.9204202618594
3119,2,2429.37136280097,17.911,1480.1260846141604
3120,2,2430.37136280097,17.9,957.3743176061633
3121,2,2431.37136280097,17.894,522.1710393606073
3142,2,2452.37136280097,17.876,1578.9838256527808
3143,2,2453.37136280097,17.861,1315.141985886324
3144,2,2454.37136280097,17.849,1051.7472163875116
3145,2,2455.37136280097,17.841,701.0576315068557
3146,2,2456.37136280097,17.835,525.8010284357443
3147,2,2457.37136280097,17.832,262.9411931910766
3148,2,2458.37136280097,17.83,175.34087908063066
3169,2,2479.37136280097,17.829,88.41190342591374
3170,2,2480.37136280097,17.813,1414.486337807393
3171,2,2481.37136280097,17.802,972.1144519476542
3172,2,2482.37136280097,17.791,971.9054830778564
3173,2,2483.37136280097,17.785,530.0905176180639
3174,2,2484.37136280097,17.781,353.4366075576352
3194,2,2504.37136280097,17.773,712.3233554641271
3195,2,2505.37136280097,17.759,1246.2919736825588
3196,2,2506.37136280097,17.742,1512.637725763505
3197,2,2507.37136280097,17.726,1422.9031599333562
3198,2,2508.37136280097,17.71,1422.186361795286
3199,2,2509.37136280097,17.695,1332.6643964995758
3200,2,2510.37136280097,17.681,1243.2965626262016
3201,2,2511.37136280097,17.663,1597.7143700431354
3202,2,2512.37136280097,17.647,1419.3893251281947
3203,2,2513.37136280097,17.632,1330.0384246235667
3204,2,2514.37136280097,17.614,1595.1875949591545
3205,2,2515.37136280097,17.6,1240.068020375369
3206,2,2516.37136280097,17.584,1416.5761604607878
3207,2,2517.37136280097,17.568,1415.8502103227192
3208,2,2522.37136280097,17.49,6897.485028492221
3209,2,2527.37136280097,17.416,6528.311434454698
3210,2,2532.37136280097,17.326,7918.1681297788045
3211,2,2537.37136280097,17.243,7280.294423175511
3212,2,2542.37136280097,17.16,7259.611765538528
3213,2,2547.37136280097,17.081,6890.738883859827
3214,2,2552.37136280097,17.003,6785.611991317192
3215,2,2557.37136280097,16.914,7719.714441578607
3216,2,2562.37136280097,16.823,7866.65176268038
3217,2,2567.37136280097,16.719,8955.936106111227
3218,2,2572.37136280097,16.615,8917.73240879142
3219,2,2577.37136280097,16.515,8538.831324959432
3220,2,2582.37136280097,16.427,7486.026014138363
3221,2,2587.37136280097,16.334,7883.133209155198
3222,2,2592.37136280097,16.246,7432.432392004975
3223,2,2597.37136280097,16.161,7154.706169114511
3224,2,2602.37136280097,16.121,3360.3900933578634
3234,2,2620.37136280097,16.115,506.8217475075316
3235,2,2621.37136280097,16.102,1097.8853755395066
3236,2,2622.37136280097,16.092,844.2462365402762
3255,2,2641.37136280097,16.09,170.00922639522742
3256,2,2642.37136280097,16.081,765.069562014059
3257,2,2643.37136280097,16.069,1019.8126717686529
3258,2,2644.37136280097,16.055,1189.2689992206015
3259,2,2645.37136280097,16.037,1528.114639950215
3260,2,2646.37136280097,16.02,1442.190355214236
3261,2,2647.37136280097,15.999,1780.0898569759263
3262,2,2648.37136280097,15.979,1693.7923887931026
3263,2,2649.37136280097,15.963,1354.0195211294185
3264,2,2650.37136280097,15.941,1860.2638550935173
3265,2,2651.37136280097,15.932,760.5644350190267
3266,2,2652.37136280097,15.925,591.4761615332259
3267,2,2653.37136280097,15.919,506.9637460622238
3300,2,2686.37136280097,15.914,427.5762979602832
3301,2,2687.37136280097,15.897,1453.295497175002
3302,2,2688.37136280097,15.896,85.47139073748387
3303,2,2689.37136280097,15.895,85.49780499491013
3318,2,2704.37136280097,15.891,343.84459255192866
3319,2,2705.37136280097,15.875,1375.0212273717711
3320,2,2706.37136280097,15.857,1545.8143695192655
3321,2,2707.37136280097,15.848,772.5348815183196
3322,2,2708.37136280097,15.844,343.334820919668
3323,2,2709.37136280097,15.842,171.6982820033279
3339,2,2725.37136280097,15.83,1035.8155416316272
3353,2,2739.37136280097,15.825,433.5740024473913
3354,2,2740.37136280097,15.802,1993.4036771000171
3355,2,2741.37136280097,15.788,1212.3988989123004
3356,2,2742.37136280097,15.776,1038.7225163454373
3357,2,2743.37136280097,15.768,692.2952501454741
3377,2,2763.37136280097,15.762,522.7745944147074
3378,2,2764.37136280097,15.746,1393.5970063861287
3379,2,2765.37136280097,15.732,1218.677036615583
3380,2,2766.37136280097,15.723,783.1459009520157
3381,2,2767.37136280097,15.715,696.0049672299731
3382,2,2768.37136280097,15.712,261.0048204562481
3397,2,2783.37136280097,15.696,1398.722044205647
3398,2,2784.37136280097,15.679,1485.1140756339203
3399,2,2785.37136280097,15.664,1309.5284193641116
3400,2,2786.37136280097,15.646,1570.3431726472752
3401,2,2787.37136280097,15.63,1394.8452278874115
3402,2,2788.37136280097,15.615,1306.8399484607942
3403,2,2789.37136280097,15.602,1131.9854758232439
3404,2,2790.37136280097,15.588,1218.4435592807693
3405,2,2791.37136280097,15.573,1304.7288455435103
3406,2,2792.37136280097,15.555,1564.576844062894
3407,2,2793.37136280097,15.542,1129.2511004972744
3408,2,2794.37136280097,15.524,1562.578933622008
3409,2,2795.37136280097,15.51,1214.5217682242576
3410,2,2796.37136280097,15.496,1213.8600666500397
3411,2,2797.37136280097,15.482,1213.1975810759757
3412,2,2798.37136280097,15.469,1125.961096650678
3413,2,2799.37136280097,15.452,1471.5091524558227
3414,2,2800.37136280097,15.436,1383.965930467143
3415,2,2805.37136280097,15.361,6479.7766395135495
3416,2,2810.37136280097,15.285,6545.624699614333
3417,2,2815.37136280097,15.197,7551.997189519209
3418,2,2820.37136280097,15.113,7180.77830454575
3419,2,2825.37136280097,15.028,7238.559050925564
3420,2,2830.37136280097,14.941,7379.635745345036
3421,2,2835.37136280097,14.844,8191.798995979719
3422,2,2840.37136280097,14.741,8655.33583715205
3423,2,2845.37136280097,14.634,8943.357864703741
3424,2,2850.37136280097,14.527,8893.805686238473
3425,2,2855.37136280097,14.42,8844.024527772908
3426,2,2860.37136280097,14.31,9039.631617859859
3427,2,2865.37136280097,14.205,8579.13676307835
3428,2,2870.37136280097,14.091,9259.083201327114
3429,2,2875.37136280097,13.973,9521.94178722616
3430,2,2880.37136280097,13.853,9617.905624956054
3431,2,2885.37136280097,13.751,8124.074692073338
3432,2,2890.37136280097,13.649,8078.009884756176
3433,2,2895.37136280097,13.543,8345.479438312092
3434,2,2900.37136280097,13.426,9151.753488155315
3435,2,2905.37136280097,13.311,8933.305124629112
3436,2,2910.37136280097,13.203,8333.883321836973
3437,2,2915.37136280097,13.103,7669.175906984205
3438,2,2920.37136280097,13.004,7547.971381695863
3439,2,2925.37136280097,12.895,8258.297028844872
3440,2,2930.37136280097,12.798,7303.133048171161
3441,2,2935.37136280097,12.702,7185.789096136781
3442,2,2940.37136280097,12.605,7217.961873605168
3443,2,2945.37136280097,12.519,6363.957870235017
3444,2,2950.37136280097,12.422,7137.765579483008
3445,2,2955.37136280097,12.316,7749.657537934853
3446,2,2960.37136280097,12.219,7045.373004473309
3447,2,2965.37136280097,12.114,7576.420043958683
3448,2,2970.37136280097,12.009,7523.69818040905
3449,2,2975.37136280097,11.9,7754.058776539714
3450,2,2980.37136280097,11.798,7204.141736677076
3451,2,2985.37136280097,11.695,7223.938930907151
3452,2,2990.37136280097,11.594,7033.918625495511
3453,2,2995.37136280097,11.486,7466.382473772124
3454,2,3000.37136280097,11.375,7613.655359474265
3455,2,3005.37136280097,11.264,7552.284853352123
3456,3,3009.37136280097,11.183,5471.66007744423
3457,3,3010.37136280097,11.164,1278.1826080457608
3458,3,3011.37136280097,11.147,1142.1740100826553
3459,3,3012.37136280097,11.127,1341.9511947005476
3460,3,3013.37136280097,11.109,1206.0958612184083
3461,3,3018.37136280097,11.007,6808.938708090059
3462,3,3023.37136280097,10.892,7614.0130895075345
3463,3,3028.37136280097,10.775,7677.03951118355
3464,3,3033.37136280097,10.673,6636.094396914252
3465,3,3038.37136280097,10.57,6648.044654578028
3466,3,3043.37136280097,10.477,5957.006847777096
3467,3,3048.37136280097,10.372,6673.326927018957
3468,3,3053.37136280097,10.267,6616.945813469195
3469,3,3058.37136280097,10.174,5814.003719512359
3470,3,3063.37136280097,10.078,5955.782096586749
3471,3,3068.37136280097,9.982,5908.946835627601
3472,3,3073.37136280097,9.888,5740.38156401236
3473,3,3078.37136280097,9.784,6298.0030306981025
3474,3,3083.37136280097,9.68,6241.532981378099
3475,3,3088.37136280097,9.579,6007.373351694518
3476,3,3093.37136280097,9.469,6481.479149049687
3477,3,3098.37136280097,9.362,6242.961131220803
3478,3,3103.37136280097,9.253,6296.849113120866
3479,3,3108.37136280097,9.147,6062.567506007004
3480,3,3113.37136280097,9.045,5777.122086871693
3481,3,3118.37136280097,8.942,5777.285007378195
3482,3,3123.37136280097,8.842,5554.603631605226
3483,3,3128.37136280097,8.728,6266.065272263129
3484,3,3133.37136280097,8.618,5978.660562505988
3485,3,3138.37136280097,8.512,5698.591953146739
3486,3,3143.37136280097,8.407,5584.183509159132
3487,3,3148.37136280097,8.292,6046.085139552552
3488,3,3153.37136280097,8.187,5456.262702197726
3489,3,3158.37136280097,8.076,5701.469875528714
3490,3,3163.37136280097,7.96,5884.427488169685
3491,3,3168.37136280097,7.843,5858.163399622216
3492,3,3173.37136280097,7.729,5633.394230215178
3493,3,3178.37136280097,7.617,5462.832136556898
3494,3,3183.37136280097,7.526,4386.727121767462
3495,3,3188.37136280097,7.429,4625.163091876763
3496,3,3193.37136280097,7.336,4384.961919973337
3497,3,3198.37136280097,7.247,4151.124612951682
3498,3,3203.37136280097,7.161,3969.259015190342
3499,3,3208.37136280097,7.075,3927.9962259917493
3500,3,3213.37136280097,6.994,3661.922657963013
3501,3,3218.37136280097,6.918,3402.822662345802
3502,3,3223.37136280097,6.849,3061.9545950659835
3503,3,3228.37136280097,6.832,750.8449264461766
3589,3,3322.37136280097,6.822,453.6365858768348
3590,3,3323.37136280097,6.802,905.5522289360292
3591,3,3324.37136280097,6.783,858.070114309338
3592,3,3325.37136280097,6.766,765.9427621080515
3593,3,3326.37136280097,6.752,629.5224331528198
3594,3,3327.37136280097,6.735,762.8963786916194
3595,3,3328.37136280097,6.722,582.2686145797601
3596,3,3329.37136280097,6.711,491.95790068156515
3597,3,3330.37136280097,6.7,491.29971381176733
3598,3,3331.37136280097,6.69,446.0706254790404
3599,3,3332.37136280097,6.681,401.01423742812113
3600,3,3333.37136280097,6.673,356.11072943075357
3601,3,3334.37136280097,6.666,311.3402572588004
3602,3,3335.37136280097,6.658,355.5239043036813
3603,3,3336.37136280097,6.647,488.2946308027413
3604,3,3337.37136280097,6.638,399.0328069933131
3605,3,3338.37136280097,6.624,619.8287341885408
3606,3,3339.37136280097,6.612,530.3990322963845
3607,3,3340.37136280097,6.599,573.6853989615227
3608,3,3341.37136280097,6.589,440.66005532618254
3609,3,3342.37136280097,6.581,352.15224678471054
3610,3,3343.37136280097,6.575,263.9123618940674
3611,3,3344.37136280097,6.573,87.94358935620463
3644,3,3377.37136280097,6.566,310.62697635091854
3645,3,3378.37136280097,6.55,708.971500711961
3646,3,3379.37136280097,6.538,530.75054875605
3647,3,3380.37136280097,6.526,529.9340578036025
3648,3,3381.37136280097,6.518,352.8528644510071
3649,3,3382.37136280097,6.511,308.4824154015225
3650,3,3383.37136280097,6.509,88.10299028732756
3651,3,3384.37136280097,6.506,132.14277986056888
3652,3,3385.37136280097,6.503,132.12088817603848
3653,3,3386.37136280097,6.502,44.03975957324132
3665,3,3398.37136280097,6.491,485.7054302856084
3666,3,3399.37136280097,6.47,925.2442968985267
3667,3,3400.37136280097,6.452,790.9127775020454
3668,3,3401.37136280097,6.436,701.389985980463
3669,3,3402.37136280097,6.42,699.854179842709
3670,3,3403.37136280097,6.408,523.9013741041113
3671,3,3404.37136280097,6.4,348.82550731803894
3672,3,3405.37136280097,6.395,217.8586329352261
3700,3,3433.37136280097,6.381,614.106535436004
3701,3,3434.37136280097,6.365,700.3919582441792
3702,3,3435.37136280097,6.354,480.6393719981262
3703,3,3436.37136280097,6.342,523.5380498654732
3727,3,3460.37136280097,6.331,482.38614908850997
3728,3,3461.37136280097,6.313,787.7804312026283
3729,3,3462.37136280097,6.296,742.1696887304528
3730,3,3463.37136280097,6.276,870.830095462696
3731,3,3464.37136280097,6.257,824.9603595097121
3732,3,3465.37136280097,6.241,692.963380676585
3733,3,3466.37136280097,6.224,734.5414236343162
3734,3,3467.37136280097,6.207,732.7491879866556
3735,3,3468.37136280097,6.197,430.21678384182314
3736,3,3469.37136280097,6.19,300.8257214970953
3737,3,3470.37136280097,6.183,300.5723341035789
3738,3,3471.37136280097,6.175,343.19365841195537
3771,3,3504.37136280097,6.165,432.43942616963045
3772,3,3505.37136280097,6.147,776.8463799384909
3773,3,3506.37136280097,6.13,731.8112607588426
3774,3,3507.37136280097,6.113,729.9927091111056
3775,3,3508.37136280097,6.1,557.020612900581
3776,3,3509.37136280097,6.086,598.7127919792688
3777,3,3510.37136280097,6.077,384.26982197174834
3801,3,3534.37136280097,6.063,600.7017568216629
3802,3,3535.37136280097,6.045,770.5129762942857
3803,3,3536.37136280097,6.028,725.8083948726487
3804,3,3537.37136280097,6.012,681.4392193299794
3805,3,3538.37136280097,5.996,679.8202131921877
3806,3,3539.37136280097,5.978,762.8477885672476
3807,3,3540.37136280097,5.964,591.9076074039409
3808,3,3541.37136280097,5.95,590.6865778297605
3809,3,3542.37136280097,5.94,421.18795503702637
3810,3,3543.37136280097,5.932,336.5352385533852
3811,3,3544.37136280097,5.928,168.14497745129685
3812,3,3545.37136280097,5.923,210.080980102767
3813,3,3546.37136280097,5.921,84.00644484202013
3835,3,3568.37136280097,5.914,295.62172555127006
3836,3,3569.37136280097,5.898,674.5826325984815
3837,3,3570.37136280097,5.883,630.9381753773599
3838,3,3571.37136280097,5.872,461.7961740669845
3839,3,3572.37136280097,5.861,461.06096519718665
3840,3,3573.37136280097,5.851,418.5132540112407
3841,3,3574.37136280097,5.842,376.1561191070999
3842,3,3575.37136280097,5.834,333.9682882565133
3843,3,3576.37136280097,5.829,208.5560960217341
3844,3,3577.37136280097,5.828,41.701417976147795
3870,3,3603.37136280097,5.818,419.6486289118293
3871,3,3604.37136280097,5.802,670.124723771957
3872,3,3605.37136280097,5.786,668.4646936342028
3873,3,3606.37136280097,5.772,583.5541629575233
3874,3,3607.37136280097,5.759,540.7557893979497
3875,3,3608.37136280097,5.746,539.686062877323
3876,3,3609.37136280097,5.737,373.017702231406
3877,3,3610.37136280097,5.728,372.5361690706322
3878,3,3611.37136280097,5.72,330.74383489076433
3879,3,3612.37136280097,5.713,289.1016925363109
3880,3,3613.37136280097,5.71,123.82662323183114
3881,3,3614.37136280097,5.707,123.79583354730072
3882,3,3615.37136280097,5.705,82.51723598456024
3883,3,3616.37136280097,5.704,41.259180878210046
3898,3,3631.37136280097,5.687,703.2041702922971
3899,3,3632.37136280097,5.67,701.2983066446349
3900,3,3633.37136280097,5.65,822.5952765381221
3901,3,3634.37136280097,5.631,778.9875235314024
3902,3,3635.37136280097,5.613,735.7700808600056
3903,3,3636.37136280097,5.596,692.9214722958275
3904,3,3637.37136280097,5.579,691.0096246481285
3905,3,3638.37136280097,5.563,648.6197395892551
3906,3,3639.37136280097,5.544,768.0274568059822
3907,3,3640.37136280097,5.525,765.6101416820042
3908,3,3641.37136280097,5.51,602.7379948276534
3909,3,3642.37136280097,5.491,761.324819881301
3910,3,3643.37136280097,5.475,639.2513658316075
3911,3,3644.37136280097,5.457,717.1248192865154
3912,3,3645.37136280097,5.441,635.63611378888
3913,3,3646.37136280097,5.424,673.5030225661318
3914,3,3647.37136280097,5.411,513.7504933073618
3915,3,3648.37136280097,5.403,315.6279033386378
3916,3,3649.37136280097,5.399,157.68203784388695
3917,3,3650.37136280097,5.398,39.41305960417523
3918,3,3651.37136280097,5.397,39.41655386141463
3933,3,3666.37136280097,5.393,158.24058801850757
3934,3,3667.37136280097,5.382,434.67519077598973
3935,3,3668.37136280097,5.372,394.4966563556079
3936,3,3669.37136280097,5.361,433.21699120637567
3937,3,3670.37136280097,5.35,432.44682433657783
3938,3,3671.37136280097,5.335,588.4290451729129
3939,3,3672.37136280097,5.324,430.58186991705566
3940,3,3673.37136280097,5.311,507.86195776404423
3941,3,3674.37136280097,5.296,584.6108556784359
3942,3,3675.37136280097,5.28,621.9316405277295
3943,3,3676.37136280097,5.262,697.6135243196873
3944,3,3677.37136280097,5.242,772.5421758972113
3945,3,3678.37136280097,5.227,577.6330469574381
3946,3,3679.37136280097,5.21,652.8271815304267
3947,3,3680.37136280097,5.199,421.39884066935286
3948,3,3681.37136280097,5.191,305.9955876760169
3949,3,3682.37136280097,5.184,267.43222022340797
3950,3,3683.37136280097,5.182,76.3636550935813
3951,3,3684.37136280097,5.181,38.181140432719204
3981,3,3714.37136280097,5.175,230.7961789990098
3982,3,3715.37136280097,5.171,153.7569284781384
4000,3,3733.37136280097,5.169,77.20611978274984
4001,3,3734.37136280097,5.16,347.15089625731986
4002,3,3735.37136280097,5.148,462.05049609304626
4003,3,3736.37136280097,5.132,614.5583617535041
4004,3,3737.37136280097,5.115,651.0463540285455
4005,3,3738.37136280097,5.096,725.2776897256583
4006,3,3739.37136280097,5.079,646.8177614805111
4007,3,3740.37136280097,5.066,493.29887718300216
4008,3,3741.37136280097,5.057,340.86512075068725
4009,3,3742.37136280097,5.049,302.56323993973314
4022,3,3755.37136280097,5.042,265.2681669541934
4023,3,3756.37136280097,5.023,718.3496775652483
4024,3,3757.37136280097,5.004,715.828090441306
4025,3,3758.37136280097,4.987,638.348100857636
4026,3,3759.37136280097,4.971,598.9731204923535
4037,3,3770.37136280097,4.962,337.05988872033106
4038,3,3771.37136280097,4.947,560.5577825099102
4039,3,3772.37136280097,4.93,633.415103156561
4040,3,3773.37136280097,4.914,594.3210831266044
4041,3,3774.37136280097,4.897,629.5160764874654
4042,3,3775.37136280097,4.883,516.9238469947175
4043,3,3776.37136280097,4.871,442.01671527311197
4044,3,3777.37136280097,4.861,367.6137810278152
4045,3,3778.37136280097,4.852,330.2938894219523
4046,3,3779.37136280097,4.848,146.63960887669404
4059,3,3792.37136280097,4.842,220.48847103325673
4060,3,3793.37136280097,4.825,623.3988563913288
4061,3,3794.37136280097,4.804,767.256038900618
4062,3,3795.37136280097,4.782,800.413457443831
4063,3,3796.37136280097,4.762,724.6513657314658
4064,3,3797.37136280097,4.743,685.7862812650137
4065,3,3798.37136280097,4.725,647.3336411340171
4066,3,3799.37136280097,4.704,752.3097241768539
4067,3,3800.37136280097,4.685,677.9520477814324
4068,3,3801.37136280097,4.666,675.3858486574585
4069,3,3802.37136280097,4.645,743.4814749398646
4070,3,3803.37136280097,4.625,705.1450506632848
4071,3,3804.37136280097,4.607,632.1952155848068
4072,3,3805.37136280097,4.59,594.9660072025811
4073,3,3806.37136280097,4.574,558.1053946993298
4074,3,3807.37136280097,4.554,695.0737159929303
4075,3,3808.37136280097,4.537,588.5723690068136
4076,3,3809.37136280097,4.52,586.5250993591145
4077,3,3810.37136280097,4.498,755.962436894239
4078,3,3815.37136280097,4.404,3192.6569719355084
4079,3,3820.37136280097,4.305,3293.8898056647377
4080,3,3825.37136280097,4.202,3351.870720884821
4081,3,3830.37136280097,4.111,2897.610819645772
4082,3,3835.37136280097,4.012,3084.317436423202
4083,3,3840.37136280097,3.891,3672.4050405061303
4084,3,3845.37136280097,3.775,3419.5195565989425
4085,3,3850.37136280097,3.669,3038.189429017181
4086,3,3855.37136280097,3.56,3037.882274404015
4087,3,3860.37136280097,3.452,2923.443791563726
4088,3,3865.37136280097,3.338,2992.0293570897156
4089,3,3870.37136280097,3.217,3069.8043982624035
4090,3,3875.37136280097,3.1,2864.244345161206
4091,3,3880.37136280097,2.989,2622.6615163185616
4092,3,3885.37136280097,2.885,2373.5578240496634
4093,3,3890.37136280097,2.779,2335.7167202838946
4094,3,3895.37136280097,2.658,2562.6752260454136
4095,3,3900.37136280097,2.539,2412.1573667247158
4096,3,3905.37136280097,2.42,2304.6416539874754
4097,3,3910.37136280097,2.306,2106.7673169080995
4098,3,3915.37136280097,2.196,1938.9702062862943
4099,3,3920.37136280097,2.09,1781.0874360622909
4100,3,3925.37136280097,1.978,1788.4619988339248
4101,3,3930.37136280097,1.867,1677.4628457866397
4102,3,3935.37136280097,1.755,1596.438488519294
4103,3,3940.37136280097,1.631,1654.420081871065
4104,3,3945.37136280097,1.516,1427.849623054485
4105,3,3950.37136280097,1.392,1424.4723104551285
4106,3,3955.37136280097,1.269,1294.6049131588459
4107,3,3960.37136280097,1.137,1257.7822618546845
4108,3,3965.37136280097,1.016,1033.0307898373692
4109,3,3970.37136280097,0.892,939.3581014678072
4110,3,3975.37136280097,0.771,799.9361517368995
4111,3,3980.37136280097,0.649,689.55953489164
4112,3,3985.37136280097,0.535,537.9294850654237
4113,3,3990.37136280097,0.414,458.2103532190728
4114,3,3995.37136280097,0.29,348.7799384870735
4115,3,4000.37136280097,0.174,215.3159882313994
4116,3,4005.37136280097,7.4e-2,99.33320979746404
0,4,4006.681256661025,0.0,21.940586561475772
